school_name	department_name	department_id	score
國立臺灣大學	醫學系	1222	6.525536
國立陽明大學	醫學系(繁星第八類)	25162	6.139877
國立臺灣大學	醫學系(繁星第八類)	1622	5.108274
臺北醫學大學	醫學系(繁星第八類)	109192	4.875973
國立成功大學	醫學系(繁星第八類)	4542	4.796531
中山醫學大學	醫學系(繁星第八類)	26222	4.431328
長庚大學	醫學系(繁星第八類)	30212	4.381824
馬偕醫學院	醫學系(繁星第八類)	152062	4.134575
中國醫藥大學	醫學系(繁星第八類)	12162	4.071634
國立成功大學	醫學系	4282	4.01538
國立臺灣大學	電機工程學系	1552	3.972549
國立臺灣大學	財務金融學系	1512	3.752737
國立臺灣大學	牙醫學系	1242	3.550406
高雄醫學大學	醫學系(繁星第八類)	7262	3.52947
國立臺灣大學	國際企業學系	1522	3.261536
國立臺灣大學	材料科學與工程學系	1342	3.238549
國立臺灣大學	獸醫學系	1432	3.213331
國立臺灣大學	物理學系	1102	3.147101
國立臺灣大學	資訊工程學系	1562	3.097407
國立臺灣大學	化學系	1112	3.084495
國立清華大學	化學工程學系	11272	3.021753
國立臺灣大學	會計學系	1502	2.999515
輔仁大學	醫學系(繁星第八類)	20592	2.964183
國立臺灣大學	數學系	1092	2.953707
臺北醫學大學	醫學系	109012	2.82788
國立臺灣大學	藥學系	1252	2.824356
國立陽明大學	藥學系	25112	2.803094
國立臺灣大學	法律學系法學組	1572	2.759626
國立臺灣大學	護理學系	1272	2.7303
國立臺灣大學	工商管理學系企業管理組	1482	2.717483
馬偕醫學院	醫學系	152012	2.685952
國立臺灣大學	昆蟲學系	1462	2.675417
臺北醫學大學	藥學系臨床藥學組	109052	2.662619
慈濟大學	醫學系	108012	2.660152
國立臺灣大學	地理環境資源學系	1142	2.630504
國立陽明大學	不分系招生(璞玉B組)	25142	2.62253
國立臺灣大學	法律學系司法組	1582	2.621657
國立臺灣大學	心理學系	1132	2.621116
國立臺灣大學	法律學系財經法學組	1592	2.616947
國立政治大學	法律學系	6372	2.611876
國立臺灣大學	政治學系國際關係組	1172	2.59605
國立臺灣大學	資訊管理學系	1532	2.59067
高雄醫學大學	醫學系	7012	2.576543
國立臺灣大學	戲劇學系	1082	2.562865
國立臺灣大學	中國文學系	1012	2.560875
中山醫學大學	醫學系	26012	2.557211
國立臺灣大學	外國語文學系	1022	2.556176
國立臺灣藝術大學	多媒體動畫藝術學系	56202	2.555144
國立臺灣大學	物理治療學系	1282	2.534875
國立清華大學	化學系	11212	2.532886
國立清華大學	旭日招生丁組(工學院)	11502	2.511201
國立成功大學	藥學系	4332	2.463506
國立臺灣大學	大氣科學系	1152	2.450195
長庚大學	中醫學系	30022	2.449671
國立臺灣大學	生化科技學系	1612	2.423419
國立臺灣大學	歷史學系	1032	2.416096
國立清華大學	材料科學工程學系	11302	2.395924
國立臺灣大學	生物產業傳播暨發展學系	1442	2.390641
國立陽明大學	醫學系A組	25012	2.39037
國立臺灣大學	政治學系政治理論組	1162	2.387674
國立成功大學	牙醫學系	4342	2.385397
國立臺灣大學	機械工程學系	1312	2.377842
國立臺灣師範大學	不分系招生(晨光組)	2332	2.349557
國立交通大學	電機工程學系(乙組)	13022	2.340276
國立臺灣大學	化學工程學系	1322	2.329886
國立臺灣大學	醫學檢驗暨生物技術學系	1262	2.314329
長庚大學	醫學系	30012	2.314205
國立陽明大學	牙醫學系	25032	2.303161
國立臺灣大學	工程科學及海洋工程學系	1332	2.289934
國立臺灣大學	生物機電工程學系	1452	2.275044
國立臺灣大學	醫學系(公費生)	1232	2.274316
慈濟大學	醫學系(繁星第八類)	108202	2.272514
中國醫藥大學	醫學系	12022	2.245402
臺北醫學大學	牙醫學系	109032	2.238141
國立臺灣大學	政治學系公共行政組	1182	2.229733
國立交通大學	資訊工程學系(乙組)	13052	2.198106
國立清華大學	清華學院學士班丙組(不分系招生-創新設計)	11442	2.193673
國立臺灣大學	經濟學系	1192	2.168025
國立臺灣大學	土木工程學系	1302	2.122603
國立清華大學	生命科學系	11392	2.11841
國立臺灣大學	職能治療學系	1292	2.117043
國立臺灣大學	哲學系	1042	2.113417
國立陽明大學	醫學系B組	25022	2.111103
國立臺灣大學	植物病理與微生物學系	1472	2.09645
高雄醫學大學	藥學系	7062	2.079642
國立臺灣大學	農業化學系	1382	2.05034
國立清華大學	物理學系物理組(乙組天文物理組)	11192	2.049794
國立臺灣大學	工商管理學系科技管理組	1492	2.043944
國立臺灣大學	日本語文學系	1072	2.043661
國立交通大學	應用化學系	13152	2.024531
國立政治大學	歐洲語文學系德文組	6352	2.00411
國立成功大學	建築學系	4422	1.99913
國立成功大學	全校不分系學士學位學程	4472	1.974054
國立政治大學	外交學系	6162	1.961387
國立清華大學	數學系甲組(數學組)	11162	1.957255
國立政治大學	傳播學院大一大二不分系(社會組)	6252	1.940605
國立交通大學	電機工程學系(甲組)	13012	1.930355
國立清華大學	資訊工程學系乙組(資訊工程組)	11362	1.925463
臺北醫學大學	展翅B組	109182	1.922428
國立陽明大學	生物醫學影像暨放射科學系	25052	1.916341
高雄醫學大學	醫學系(公費生)	7252	1.896822
國立政治大學	資訊管理學系	6222	1.861841
國立臺灣大學	公共衛生學系	1542	1.850041
國立清華大學	外國語文學系	11032	1.839722
中國醫藥大學	牙醫學系	12012	1.833936
國立政治大學	財務管理學系	6232	1.825472
臺北醫學大學	藥學系藥學組	109042	1.821014
國立政治大學	國際經營與貿易學系	6172	1.820488
國立清華大學	生命科學院學士班	11412	1.81682
中國醫藥大學	中醫學系甲組	12032	1.812198
國立政治大學	歐洲語文學系西班牙文組	6362	1.808237
國立臺灣大學	園藝暨景觀學系	1422	1.804674
輔仁大學	醫學系	20122	1.804456
東海大學	建築學系	9482	1.804002
國立臺灣大學	農藝學系	1362	1.801781
中國醫藥大學	中醫學系乙組	12042	1.793779
臺北基督學院	基督教博雅學系	154012	1.755765
國立中央大學	物理學系	16062	1.746717
國立陽明大學	物理治療暨輔助科技學系	25082	1.746583
國立臺灣大學	圖書資訊學系	1062	1.745051
國立臺灣大學	生命科學系	1602	1.738866
開南大學	保健營養學系	110172	1.719245
國立清華大學	數學系乙組(應用數學組)	11172	1.713304
國立成功大學	物理治療學系	4322	1.705243
國立陽明大學	醫學生物技術暨檢驗學系	25042	1.704301
國立中興大學	獸醫學系	3392	1.702003
國立清華大學	工業工程與工程管理學系	11312	1.690901
國立臺灣大學	森林環境暨資源學系	1392	1.688339
實踐大學	媒體傳達設計學系數位3D動畫設計組(臺北校區)	50072	1.688145
國立臺灣大學	人類學系	1052	1.68387
開南大學	資訊管理學系	110102	1.667937
國立政治大學	心理學系	6392	1.650359
實踐大學	工業產品設計學系(臺北校區)	50062	1.650178
國立政治大學	阿拉伯語文學系	6292	1.648293
開南大學	空運管理學系	110062	1.647657
高雄醫學大學	牙醫學系	7042	1.644155
開南大學	物流與航運管理學系	110052	1.641634
逢甲大學	美國加州聖荷西州立大學大數據雙學士學位學程	15402	1.629969
開南大學	法律學系	110142	1.620141
國立清華大學	物理學系物理組(甲組一般組)	11182	1.604426
國立成功大學	電機工程學系	4392	1.593773
國立政治大學	統計學系	6202	1.593482
國立清華大學	理學院學士班	11222	1.58223
國立成功大學	醫學檢驗生物技術學系	4292	1.564509
開南大學	觀光與餐飲旅館學系	110072	1.559463
國立清華大學	電機資訊學院學士班	11382	1.553737
銘傳大學	資訊工程學系(APCS組．桃園校區)	46502	1.552442
國立成功大學	水利及海洋工程學系	4152	1.54959
實踐大學	建築設計學系(臺北校區)	50092	1.546941
國立清華大學	科技管理學院學士班	11142	1.543138
國立臺灣大學	生物環境系統工程學系	1372	1.53106
國立清華大學	旭日招生戊組(電資院)	11512	1.529879
國立中興大學	景觀與遊憩學士學位學程	3362	1.52588
國立政治大學	教育學系(公費生乙組)	6062	1.522731
國立臺灣師範大學	英語學系	2122	1.510607
國立清華大學	中國文學系乙組(華語文教學組)	11022	1.507293
國立成功大學	工業設計學系	4442	1.507263
國立臺灣大學	農業經濟學系	1412	1.50706
開南大學	數位多媒體設計學系	110122	1.503761
中國文化大學	音樂學系	17572	1.491496
國立臺灣師範大學	設計學系視覺設計組	2362	1.484205
慈濟大學	醫學系(公費生)	108162	1.481647
國立政治大學	韓國語文學系	6322	1.467994
國立臺灣大學	社會工作學系	1212	1.463701
國立成功大學	職能治療學系	4312	1.462135
國立政治大學	企業管理學系	6212	1.461288
國立中興大學	興翼招生F組(農業科技)	3452	1.455879
國立政治大學	教育學系	6042	1.45254
國立政治大學	資訊科學系(APCS組)	6412	1.450846
國立臺北大學	法律學系法學組	99012	1.447278
國立清華大學	旭日招生丙組(原科、生科、理學)	11492	1.442044
國立交通大學	資訊管理與財務金融學系資訊管理組	13182	1.435562
開南大學	應用日語學系	110152	1.431792
國立臺灣師範大學	東亞學系	2302	1.427951
國立清華大學	人文社會學院學士班	11042	1.421639
國立臺灣師範大學	體育學系	2392	1.414745
國立政治大學	會計學系	6192	1.411337
臺北醫學大學	醫學系(公費生)	109022	1.395818
國立中央大學	客家語文暨社會科學學系	16292	1.394185
國立交通大學	電子物理學系電子物理組	13142	1.393966
高雄醫學大學	薪火招生B組	7222	1.389639
國立清華大學	旭日招生乙組(科管)	11482	1.38956
國立清華大學	藝術學院學士班	11522	1.384593
國立政治大學	財政學系	6092	1.379328
國立臺灣大學	社會學系	1202	1.377681
國立成功大學	材料科學及工程學系	4122	1.365499
國立成功大學	環境工程學系	4192	1.359116
國立聯合大學	資訊工程學系(APCS組)	151132	1.356183
國立屏東大學	音樂學系	36302	1.355752
國立政治大學	風險管理與保險學系	6242	1.354827
國立臺北大學	法律學系司法組	99022	1.354345
國立政治大學	民族學系	6152	1.353305
國立臺灣師範大學	國文學系	2112	1.34588
國立陽明大學	不分系招生(璞玉A組)	25132	1.342147
高雄醫學大學	物理治療學系	7132	1.342024
開南大學	養生與健康行銷學系	110192	1.340507
國立政治大學	政治學系	6072	1.339766
中國醫藥大學	藥學系	12052	1.337949
國立清華大學	工程與系統科學系乙組(智慧奈米系統組)	11252	1.335606
國立中央大學	資訊工程學系(APCS組)	16222	1.333125
佛光大學	未來與樂活產業學系	130292	1.331112
國立清華大學	醫學科學系	11402	1.31733
國立臺灣藝術大學	視覺傳達設計學系	56182	1.315616
國立成功大學	護理學系	4302	1.314381
國立成功大學	工業與資訊管理學系(APCS組)	4242	1.312353
國立臺北教育大學	自然科學教育學系(公費生)	32252	1.311938
國立清華大學	清華學院學士班丁組(不分系招生-創新領導)	11452	1.309453
國立臺灣大學	地質科學系	1122	1.300361
國立成功大學	化學工程學系	4112	1.296745
國立清華大學	電機工程學系甲組	11332	1.285458
國立陽明大學	生物醫學工程學系	25102	1.276928
國立成功大學	心理學系	4382	1.273066
國立陽明大學	護理學系	25062	1.267939
國立交通大學	光電工程學系	13032	1.267253
國立交通大學	旋坤揚帆招生甲組(電機資訊)	13262	1.265051
長庚大學	物理治療學系	30062	1.25512
國立政治大學	哲學系	6032	1.255091
實踐大學	媒體傳達設計學系創意媒體設計組(臺北校區)	50082	1.24679
國立交通大學	運輸與物流管理學系	13212	1.236753
開南大學	電影與創意媒體學系	110132	1.232166
國立交通大學	電子物理學系光電與奈米科學組	13132	1.227859
國立政治大學	中國文學系	6012	1.223968
國立臺北大學	法律學系財經法組	99032	1.223466
國立政治大學	傳播學院大一大二不分系(自然組)	6262	1.217809
國立交通大學	土木工程學系	13102	1.21494
國立政治大學	政星招生甲組	6432	1.214306
國立成功大學	化學系	4072	1.213791
國立政治大學	金融學系	6182	1.211023
國立臺灣師範大學	地理學系	2142	1.205435
中山醫學大學	牙醫學系	26022	1.20528
國立臺灣藝術大學	古蹟藝術修護學系	56172	1.202901
國立交通大學	工業工程與管理學系	13222	1.197566
國立臺灣師範大學	教育學系	2012	1.195931
國立成功大學	台灣文學系	4042	1.195512
國立陽明大學	醫學系(公費生)	25152	1.192963
國立臺灣藝術大學	電影學系	56032	1.190732
國立政治大學	公共行政學系	6102	1.184557
國立中央大學	向日葵聯合招生丙組(理學)	16342	1.182316
國立中興大學	農藝學系	3272	1.179828
國立成功大學	機械工程學系	4102	1.173586
國立成功大學	土木工程學系	4142	1.169678
國立成功大學	光電科學與工程學系	4092	1.167939
國立成功大學	資訊工程學系(APCS組)	4412	1.151789
高雄醫學大學	薪火招生D組	7242	1.149938
開南大學	資訊傳播學系	110112	1.148291
國立臺北教育大學	幼兒與家庭教育學系	32042	1.147673
國立臺灣大學	動物科學技術學系	1402	1.140474
長庚大學	醫學系(公費生)	30202	1.129093
國立政治大學	資訊科學系	6402	1.127828
國立成功大學	醫學系(公費生)	4482	1.125722
國立陽明大學	生命科學系暨基因體科學研究所	25092	1.125352
國立臺北教育大學	特殊教育學系(公費生)	32282	1.120647
國立清華大學	竹師教育學院學士班乙組(永續發展教育組)	11112	1.119752
國立政治大學	歐洲語文學系法文組	6342	1.119434
國立政治大學	社會學系	6082	1.11456
國立清華大學	幼兒教育學系	11062	1.10664
國立清華大學	工學院學士班	11322	1.103406
國立高雄大學	土木與環境工程學系環境工程組	101202	1.099787
國立政治大學	斯拉夫語文學系	6302	1.097892
國立中山大學	音樂學系創作與應用組	27282	1.096909
國立臺灣師範大學	教育學院學士班	2102	1.089685
國立成功大學	經濟學系	4362	1.088838
國立臺灣體育運動大學	運動資訊與傳播學系(資訊組)	60042	1.083769
淡江大學	建築學系	14362	1.083403
國立中山大學	西灣南星C組(理)	27232	1.078881
實踐大學	服裝設計學系(臺北校區)	50052	1.078649
國立交通大學	理學院科學學士學位學程(丙組)	13122	1.074655
國立臺北大學	飛鳶組招生	99222	1.070013
實踐大學	音樂學系(臺北校區)	50692	1.066898
國立政治大學	地政學系土地管理組	6122	1.06634
國立成功大學	歷史學系	4032	1.064418
國立清華大學	物理學系光電物理組	11202	1.057741
輔仁大學	廣告傳播學系	20072	1.057492
國立交通大學	理學院科學學士學位學程(乙組)	13112	1.047558
國立中正大學	哲學系	41042	1.047557
國立臺灣師範大學	美術學系西畫組	2372	1.044649
國立成功大學	統計學系	4262	1.042619
國立成功大學	交通管理科學系	4252	1.042555
國立臺灣師範大學	資訊工程學系	2212	1.038138
國立成功大學	生命科學系	4452	1.035403
國立成功大學	成星招生丁組(工)	4522	1.035157
國立清華大學	英語教學系	11092	1.030199
馬偕醫學院	聽力暨語言治療學系語言組	152052	1.025649
國立政治大學	經濟學系	6142	1.025424
國立政治大學	政星招生乙組	6442	1.024772
國立臺北教育大學	兒童英語教育學系(公費生乙組)	32272	1.020422
國立臺北教育大學	幼兒與家庭教育學系(公費生)	32292	1.018382
國立交通大學	生物科技學系	13172	1.013392
國立成功大學	會計學系	4272	1.007752
國立政治大學	地政學系土地資源規劃組	6112	1.005816
國立中山大學	財務管理學系	27152	1.001363
臺北醫學大學	保健營養學系	109082	0.99808
國立彰化師範大學	揚鷹招生B組(管理)	23232	0.995695
國立臺灣師範大學	特殊教育學系	2082	0.986281
國立清華大學	竹師教育學院學士班甲組(雙專長組)	11102	0.980487
國立清華大學	工程與系統科學系甲組(低碳綠能組)	11242	0.979118
國立中山大學	電機工程學系	27082	0.977677
國立中央大學	資訊工程學系	16212	0.977478
國立臺中教育大學	教育學系	31012	0.976355
國立中興大學	植物病理學系	3312	0.970098
高雄醫學大學	呼吸治療學系	7032	0.969856
國立臺北教育大學	社會與區域發展學系	32082	0.960557
國立臺灣師範大學	數學系	2162	0.950469
國立高雄師範大學	特殊教育學系	22142	0.949511
國立臺灣師範大學	華語文教學系應用華語文學組	2292	0.948077
國立中央大學	電機工程學系	16202	0.946242
國立清華大學	清華學院學士班甲組(不分系招生-音樂)	11422	0.935411
國立清華大學	動力機械工程學系乙組	11292	0.934286
國立臺灣師範大學	化學系	2182	0.926873
長庚大學	職能治療學系	30072	0.92588
國立成功大學	政治學系	4352	0.924509
國立成功大學	系統及船舶機電工程學系	4172	0.918544
國立成功大學	物理學系	4062	0.914171
國立臺北教育大學	體育學系	32342	0.911835
東吳大學	法律學系	5162	0.910835
國立成功大學	成星招生甲組(文社)	4492	0.9107
國立臺灣師範大學	美術學系國畫組	2382	0.909586
國立臺北大學	不動產與城鄉環境學系	99112	0.908893
國立清華大學	資訊工程學系甲組(電子資訊組)	11352	0.908111
國立臺北大學	會計學系	99062	0.90553
國立嘉義大學	獸醫學系	100382	0.903047
臺北醫學大學	醫學檢驗暨生物技術學系	109062	0.902369
國立政治大學	土耳其語文學系	6332	0.900156
國立成功大學	生物醫學工程學系	4212	0.899054
國立清華大學	生醫工程與環境科學系	11232	0.88834
國立臺灣師範大學	歷史學系	2132	0.887525
高雄醫學大學	醫藥暨應用化學系醫藥化學組	7152	0.885264
國立清華大學	經濟學系	11132	0.884817
國立清華大學	動力機械工程學系甲組	11282	0.875579
國立中央大學	通訊工程學系	16232	0.872536
國立臺灣師範大學	科技應用與人力資源發展學系	2242	0.872106
國立成功大學	測量及空間資訊學系	4202	0.871519
開南大學	交通運輸學系	110082	0.868859
國立成功大學	地球科學系	4082	0.868326
長庚大學	醫學生物技術暨檢驗學系	30042	0.866888
國立成功大學	數學系	4052	0.865904
國立政治大學	應用數學系	6382	0.858714
國立成功大學	航空太空工程學系	4182	0.85855
臺北醫學大學	食品安全學系	109162	0.850021
國立成功大學	成星招生乙組(管理)	4502	0.846078
國立臺北教育大學	教育學系	32012	0.844143
長榮大學	資訊暨設計學院學士班數位內容設計組	51742	0.843099
國立中興大學	食品暨應用生物科技學系	3262	0.841276
中原大學	室內設計學系	8302	0.841253
國立體育大學	適應體育學系(圍棋組)	39052	0.837054
國立臺灣藝術大學	廣播電視學系	56022	0.830229
國立高雄大學	金融管理學系	101132	0.828998
國立臺北教育大學	藝術與造形設計學系藝術組	32332	0.827743
國立清華大學	資訊工程學系丙組(人工智慧組)	11372	0.825812
中山醫學大學	語言治療與聽力學系聽力組	26062	0.823394
臺北醫學大學	護理學系	109072	0.822621
國立成功大學	外國語文學系	4022	0.818692
國立成功大學	都市計劃學系	4432	0.818126
國立交通大學	外國語文學系	13232	0.816678
國立中正大學	嘉星招生辛組(生心)	41372	0.813468
國立中央大學	大氣科學學系大氣組	16252	0.813166
臺北醫學大學	牙體技術學系	109132	0.807897
國立臺灣師範大學	表演藝術學士學位學程	2352	0.807435
國立清華大學	原子科學院學士班	11262	0.800385
國立中興大學	昆蟲學系	3322	0.799635
國立聯合大學	建築學系	151072	0.79613
國立成功大學	資訊工程學系	4402	0.796081
國立成功大學	能源工程國際學士學位學程	4222	0.795618
國立臺灣師範大學	生命科學系	2192	0.791054
國立中央大學	生醫科學與工程學系	16312	0.790819
國立臺灣師範大學	企業管理學系	2312	0.7882
逢甲大學	建築專業學院學士班	15372	0.788152
國立臺北教育大學	心理與諮商學系	32062	0.785665
國立臺灣藝術大學	圖文傳播藝術學系	56012	0.785552
臺北醫學大學	呼吸治療學系	109112	0.783996
國立成功大學	工程科學系	4162	0.782889
國立交通大學	旋坤揚帆招生丙組(理學生科)	13282	0.779902
國立交通大學	應用數學系	13162	0.779749
國立臺北大學	金融與合作經營學系	99052	0.772333
國立彰化師範大學	公共事務與公民教育學系公共事務組	23212	0.770803
國立中央大學	英美語文學系	16022	0.768324
國立中央大學	光電科學與工程學系	16082	0.765743
國立臺北教育大學	語文與創作學系語文師資組	32102	0.759559
中山醫學大學	語言治療與聽力學系語言治療組	26052	0.756074
國立臺北大學	公共行政暨政策學系	99092	0.754537
國立中央大學	向日葵聯合招生丁組(工程)	16352	0.750109
國立成功大學	成星招生丙組(理)	4512	0.74826
國立臺南大學	教育學系(公費生甲組)	33202	0.747312
慈濟大學	物理治療學系	108062	0.746509
國立臺灣師範大學	公民教育與活動領導學系	2072	0.743102
高雄醫學大學	薪火招生C組	7232	0.742514
國立中興大學	園藝學系	3282	0.736539
臺北醫學大學	公共衛生學系	109092	0.735205
高雄醫學大學	醫學影像暨放射科學系	7102	0.735144
國立交通大學	人文社會學系	13252	0.734816
國立臺灣藝術大學	音樂學系	56052	0.73443
輔仁大學	影像傳播學系	20052	0.734046
中國醫藥大學	物理治療學系	12092	0.730887
國立交通大學	旋坤揚帆招生乙組(工程)	13272	0.727461
中原大學	商業設計學系產品設計組	8322	0.726263
國立交通大學	資訊工程學系(甲組)	13042	0.722683
臺北市立大學	衛生福利學系	35232	0.719661
國立交通大學	管理科學系	13202	0.716897
國立臺東大學	音樂學系(一般生)	38182	0.708953
臺北醫學大學	生物醫學工程學系	109152	0.707688
長庚大學	化工與材料工程學系	30122	0.70726
大同大學	工業設計學系	19052	0.705769
開南大學	休閒事業管理學系	110092	0.699204
國立清華大學	旭日招生甲組(人文、教育)	11472	0.697669
國立中興大學	動物科學系	3332	0.691867
國立政治大學	英國語文學系	6282	0.682924
國立臺北教育大學	數位科技設計學系	32232	0.682445
亞洲大學	資訊傳播學系智慧互動應用組	134252	0.679954
國立中正大學	嘉星招生戊組(理)	41342	0.675555
國立清華大學	教育與學習科技學系	11052	0.675424
輔仁大學	職能治療學系	20152	0.67539
義守大學	智慧化自動控制英語學士學位學程	45122	0.672882
國立臺南大學	教育學系(公費生乙組)	33212	0.66505
南華大學	資訊工程學系社會組	59252	0.662367
國立彰化師範大學	會計學系	23172	0.661689
長庚大學	醫學影像暨放射科學系	30052	0.661623
國立清華大學	特殊教育學系	11082	0.66149
中山醫學大學	物理治療學系	26032	0.660352
國立臺灣師範大學	健康促進與衛生教育學系	2042	0.659961
國立中央大學	機械工程學系光機電工程組	16102	0.658761
國立中央大學	中國文學系	16012	0.651096
國立臺北教育大學	文化創意產業經營學系	32142	0.647166
佛光大學	中國文學與應用學系	130152	0.645809
國立暨南國際大學	不分系招生(音樂飛揚組)	58252	0.644497
國立交通大學	機械工程學系	13092	0.637578
國立中央大學	向日葵聯合招生乙組(商管)	16332	0.637513
國立成功大學	生物科技與產業科學系	4462	0.636672
國立中山大學	政治經濟學系	27192	0.634107
國立臺灣師範大學	教育心理與輔導學系	2022	0.632361
國立中正大學	經濟學系	41202	0.630955
國立臺灣師範大學	營養科學學士學位學程	2232	0.630054
國立臺灣師範大學	社會教育學系	2032	0.628563
高雄醫學大學	運動醫學系	7022	0.627593
輔仁大學	新聞傳播學系	20062	0.625531
國立陽明大學	學士班大一大二不分系	25122	0.625482
輔仁大學	織品服裝學系服飾設計組	20342	0.624072
國立臺北大學	休閒運動管理學系	99082	0.622221
國立臺灣師範大學	臺灣語文學系	2152	0.622214
國立臺北教育大學	數學暨資訊教育學系資訊組	32182	0.616175
中國醫藥大學	營養學系	12082	0.616106
長庚大學	資訊工程學系	30142	0.612361
國立臺北教育大學	教育經營與管理學系	32022	0.607709
國立臺北教育大學	特殊教育學系	32052	0.606532
國立政治大學	歷史學系	6022	0.603818
國立清華大學	計量財務金融學系	11152	0.603467
國立中正大學	成人及繼續教育學系	41282	0.602198
高雄醫學大學	香菻~學系	7072	0.602002
中山醫學大學	職能治療學系	26042	0.586835
國立中正大學	資訊管理學系	41242	0.584998
國立臺灣大學	醫學工程學系	1352	0.583325
國立中興大學	森林學系林學組	3292	0.575315
國立東華大學	資訊工程學系國際組	34082	0.571046
國立東華大學	物理學系物理組	34032	0.569553
國立中興大學	土壤環境科學系	3342	0.567374
國立臺南大學	英語學系	33062	0.562
長庚大學	護理學系	30032	0.56019
國立臺北教育大學	藝術與造形設計學系設計組	32162	0.556909
高雄醫學大學	職能治療學系	7122	0.55328
國立臺灣海洋大學	光電與材料科技學系	21222	0.549157
國立彰化師範大學	英語學系	23092	0.549068
國立中山大學	光電工程學系	27112	0.548293
國立中央大學	大氣科學學系太空組	16262	0.547249
國立中央大學	資訊管理學系	16162	0.54717
南華大學	資訊工程學系智慧產業樂齡樂活組	59272	0.546827
國立成功大學	資源工程學系	4132	0.54074
國立臺南藝術大學	應用音樂學系	63022	0.53633
國立臺北大學	應用外語學系	99162	0.535541
國立中興大學	化學系	3112	0.534188
國立中興大學	水土保持學系	3252	0.531497
國立暨南國際大學	管理學院學士班	58142	0.530102
中山醫學大學	醫學影像暨放射科學系	26092	0.529564
國立中山大學	企業管理學系	27132	0.528562
長庚大學	生物醫學系	30082	0.527251
輔仁大學	音樂學系應用音樂組	20542	0.523783
國立中正大學	心理學系	41112	0.522072
國立中山大學	劇場藝術學系	27032	0.52136
國立臺北大學	中國文學系	99152	0.520039
國立彰化師範大學	輔導與諮商學系學校輔導與諮商組	23012	0.515854
輔仁大學	呼吸治療學系	20162	0.513031
國立臺北教育大學	語文與創作學系文學創作組	32112	0.512234
國立中興大學	土木工程學系	3172	0.512117
亞洲大學	創意商品設計學系科技商品設計組	134482	0.510766
高雄醫學大學	心理學系	7192	0.502942
國立中興大學	會計學系	3072	0.5
國立彰化師範大學	數學系	23042	0.499624
國立中山大學	海洋科學系	27182	0.499048
國立臺灣海洋大學	河海工程學系	21122	0.496876
國立臺灣師範大學	電機工程學系	2272	0.495752
臺北市立大學	學習與媒材設計學系	35072	0.491455
臺北醫學大學	高齡健康管理學系	109122	0.48989
東吳大學	微生物學系應用微生物組	5132	0.488923
國立臺南大學	教育學系(公費生丙組)	33222	0.487936
國立高雄師範大學	工業科技教育學系科技教育與訓練組	22102	0.483762
臺北醫學大學	口腔衛生學系	109142	0.481894
國立臺北大學	歷史學系	99172	0.476078
輔仁大學	義大利語文學系	20312	0.475794
東海大學	經濟學系產業經濟組	9372	0.475535
東海大學	永續科學與工程學士學位學程(英語專班)	9532	0.475107
國立中正大學	通訊工程學系	41192	0.471752
國立臺灣師範大學	圖文傳播學系	2252	0.471355
國立成功大學	法律學系	4372	0.469759
國立中正大學	化學工程學系	41182	0.469039
長庚大學	工業設計學系	30172	0.467668
靜宜大學	生態人文學系-一般組	18152	0.46472
國立高雄大學	應用經濟學系	101092	0.463453
國立高雄師範大學	英語學系	22152	0.462592
佛光大學	資訊應用學系(數位遊戲開發組)	130142	0.460373
國立政治大學	日本語文學系	6312	0.459258
國立中興大學	生物產業機電工程學系	3242	0.454406
國立中山大學	資訊工程學系	27102	0.452848
國立臺北教育大學	數學暨資訊教育學系數學組	32172	0.451742
南華大學	應用社會學系社會學組	59132	0.451039
國立臺灣藝術大學	中國音樂學系擦弦組(一)-胡琴	56112	0.451013
輔仁大學	經濟學系	20512	0.450883
開南大學	企業與創業管理學系	110012	0.450846
國立宜蘭大學	化學工程與材料工程學系	150062	0.444218
國立臺北大學	社會工作學系	99142	0.443948
輔仁大學	金融與國際企業學系	20482	0.443816
輔仁大學	織品服裝學系織品設計組	20332	0.442654
國立中山大學	海洋環境及工程學系	27172	0.442241
國立中央大學	企業管理學系	16152	0.440165
臺北市立大學	數學系	35162	0.438391
國立清華大學	清華學院學士班乙組(不分系招生-美術)	11432	0.437784
臺北醫學大學	醫務管理學系	109102	0.437648
國立中興大學	電機工程學系	3212	0.437333
國立中正大學	企業管理學系	41222	0.436354
淡江大學	航空太空工程學系	14452	0.436233
中國文化大學	大氣科學系	17142	0.436072
國立臺北大學	企業管理學系	99042	0.435145
國立中正大學	資訊工程學系	41152	0.434689
中國醫藥大學	生物醫學影像暨放射科學學系	12142	0.43203
國立中正大學	政治學系	41132	0.4268
輔仁大學	醫學系(公費生)	20132	0.425102
佛光大學	產品與媒體設計學系(數位視覺設計組)	130082	0.423441
國立中興大學	興翼招生E組(工程相關)	3442	0.422177
淡江大學	電機工程學系電機資訊組	14412	0.421907
國立中山大學	西灣南星F組(社)	27262	0.418357
台灣首府大學	觀光事業管理學系(休閒旅遊組)	111052	0.418289
國立臺灣海洋大學	環境生物與漁業科學學系	21152	0.417473
國立臺灣師範大學	設計學系產品設計組	2322	0.416755
國立中興大學	法律學系	3102	0.416721
國立屏東大學	應用物理系物理組	36232	0.41594
國立彰化師範大學	物理學系光電組	23062	0.415789
國立臺北大學	通訊工程學系	99202	0.415636
國立清華大學	中國文學系甲組(一般組)	11012	0.413241
亞洲大學	健康產業管理學系健康產業管理組	134012	0.410213
國立金門大學	建築學系	153092	0.408571
高雄醫學大學	醫藥暨應用化學系應用化學組	7162	0.406533
東吳大學	資訊管理學系	5222	0.406479
國立臺北教育大學	自然科學教育學系	32202	0.403198
國立高雄大學	資訊工程學系(APCS組)	101252	0.401524
輔仁大學	法律學系	20412	0.398463
輔仁大學	資訊管理學系	20462	0.398386
國立臺灣海洋大學	航運管理學系	21022	0.397319
國立中興大學	環境工程學系	3182	0.395959
大葉大學	工業設計學系	42472	0.395331
國立中央大學	向日葵聯合招生甲組(電資)	16322	0.394168
國立高雄大學	土木與環境工程學系土木工程組	101192	0.392957
國立體育大學	球類運動技術學系	39082	0.392338
國立彰化師範大學	輔導與諮商學系社區輔導與諮商組	23022	0.39105
國立高雄大學	政治法律學系	101072	0.390778
國立東華大學	光電工程學系	34112	0.390395
高雄醫學大學	口腔衛生學系	7052	0.386676
長榮大學	生物科技學系生醫產業管理與行銷組	51282	0.380362
淡江大學	全球政治經濟學系全英語學士班(蘭陽校園)	14532	0.379788
世新大學	廣播電視電影學系廣播組	47022	0.379122
國立臺灣師範大學	學習科學學士學位學程	2092	0.378255
淡江大學	電機工程學系電機通訊組	14422	0.377102
輔仁大學	英國語文學系	20272	0.376434
靜宜大學	資訊傳播工程學系(APCS組)	18492	0.374683
國立臺北大學	財政學系	99102	0.370228
國立臺北大學	資訊工程學系(APCS組)	99192	0.369938
國立中正大學	數學系	41052	0.366801
國立高雄師範大學	體育學系	22212	0.366742
國立臺北大學	統計學系	99072	0.362315
國立中央大學	地球科學學系	16272	0.358822
國立成功大學	工業與資訊管理學系	4232	0.357323
國立臺北大學	經濟學系	99122	0.35491
國立中山大學	外國語文學系	27022	0.353722
國立交通大學	資訊管理與財務金融學系財務金融組	13192	0.353324
輔仁大學	德語語文學系	20322	0.35299
國立中央大學	化學學系	16072	0.352438
國立中正大學	傳播學系	41142	0.350102
輔仁大學	應用美術學系	20562	0.349549
國立中興大學	資訊科學與工程學系	3222	0.349337
國立臺灣藝術大學	書畫藝術學系	56152	0.34596
國立中興大學	化學工程學系	3192	0.339763
淡江大學	資訊創新與科技學系軟體工程全英語組(蘭陽校園)	14482	0.338967
輔仁大學	法國語文學系	20282	0.338874
國立中山大學	海洋生物科技暨資源學系	27162	0.337716
國立中正大學	電機工程學系	41162	0.337156
國立臺灣海洋大學	商船學系	21012	0.335659
中原大學	中原大學與美國天普大學商學管理雙學士學位學程	8372	0.335569
國立中興大學	外國語文學系	3022	0.334594
國立聯合大學	工業設計學系	151082	0.333511
慈濟大學	醫學檢驗生物技術學系	108022	0.332185
臺北市立大學	地球環境暨生物資源學系	35132	0.331312
國立臺灣海洋大學	海洋經營管理學士學位學程	21262	0.331197
國立臺灣海洋大學	海洋工程科技學士學位學程	21272	0.33058
國立交通大學	奈米科學及工程學士學位學程	13072	0.330334
國立中央大學	經濟學系	16182	0.32969
國立中正大學	財務金融學系	41212	0.329072
國立臺北大學	社會學系	99132	0.328422
國立中興大學	機械工程學系	3162	0.325407
國立中興大學	生命科學系	3382	0.324318
國立中興大學	應用數學系應用數學組	3142	0.320537
馬偕醫學院	聽力暨語言治療學系聽力組	152042	0.319381
國立高雄師範大學	數學系數學組	22012	0.318897
中原大學	電機工程學系	8202	0.317763
國立東華大學	應用數學系統計科學組	34022	0.31534
高雄醫學大學	護理學系	7082	0.313627
國立金門大學	土木與工程管理學系	153062	0.310946
國立中山大學	機械與機電工程學系	27092	0.309005
靜宜大學	資訊管理學系(APCS組)	18422	0.307597
國立中興大學	行銷學系	3082	0.307226
國立臺灣師範大學	物理學系	2172	0.307196
玄奘大學	宗教與文化學系	65042	0.305005
國立中央大學	機械工程學系先進材料與精密製造組	16112	0.304273
長庚大學	電機工程學系	30102	0.304273
東海大學	資訊工程學系數位創意組	9222	0.304205
淡江大學	化學學系材料化學組	14332	0.302174
國立臺灣海洋大學	運輸科學系B組	21042	0.300591
輔仁大學	統計資訊學系	20472	0.299235
國立中央大學	法國語文學系	16032	0.297511
輔仁大學	織品服裝學系織品服飾行銷組	20352	0.296782
國立聯合大學	文化觀光產業學系	151202	0.292213
臺北市立大學	城市發展學系	35202	0.291403
國立臺北藝術大學	新媒體藝術學系	28022	0.290243
國立成功大學	成星招生戊組(生醫)	4532	0.28757
國立宜蘭大學	生物機電工程學系	150082	0.286782
國立中央大學	財務金融學系	16192	0.285669
世新大學	廣播電視電影學系電影組	47042	0.28561
淡江大學	運輸管理學系	14242	0.284162
國立聯合大學	光電工程學系	151112	0.283435
國立交通大學	材料科學與工程學系	13082	0.280884
臺北市立大學	幼兒教育學系	35042	0.279772
靜宜大學	食品營養學系食品與生物技術組-一般組	18252	0.279458
長庚大學	機械工程學系	30112	0.278809
高雄醫學大學	生物科技學系	7182	0.277916
國立臺中教育大學	數位內容科技學系	31152	0.274808
國立中央大學	數學系計算與資料科學組	16052	0.274374
淡江大學	資訊傳播學系	14052	0.272631
中山醫學大學	醫學資訊學系	26202	0.272212
國立中興大學	物理學系一般物理組	3122	0.271044
國立宜蘭大學	環境工程學系	150072	0.269918
國立聯合大學	經營管理學系	151142	0.269459
國立彰化師範大學	化學系	23082	0.268559
長庚大學	呼吸治療學系	30092	0.268453
國立東華大學	諮商與臨床心理學系	34252	0.268047
義守大學	國際觀光餐旅學系(國際學院)	45332	0.265781
臺北市立大學	應用物理暨化學系應用化學組	35152	0.26552
東吳大學	經濟學系	5172	0.265072
國立高雄大學	應用化學系	101152	0.260465
輔仁大學	公共衛生學系	20112	0.260168
淡江大學	國際觀光管理學系全英語學士班(海外實習組蘭陽校園)	14502	0.25984
輔仁大學	體育學系體育學組	20572	0.255432
長榮大學	環境與食品安全檢驗學士學位學程食品安全管理組	51482	0.254512
輔仁大學	景觀設計學系	20042	0.254225
元智大學	電機工程學系(丙組)	40222	0.250776
東吳大學	企業管理學系	5192	0.249948
國立清華大學	藝術與設計學系設計組	11552	0.247983
中原大學	工業與系統工程學系工程組	8162	0.247352
國立嘉義大學	森林暨自然資源學系	100192	0.247195
義守大學	國際企業經營學系(國際學院)	45312	0.246712
國立臺灣體育運動大學	休閒運動學系(一般組)	60072	0.246294
東海大學	國際學院國際經營管理學位學程(英語專班)	9522	0.245943
國立臺灣藝術大學	美術學系	56142	0.245761
國立中興大學	財務金融學系	3042	0.244328
國立中興大學	國際農企業學士學位學程	3372	0.241438
淡江大學	國際觀光管理學系全英語學士班(產業實習組蘭陽校園)	14512	0.240227
銘傳大學	建築學系(桃園校區)	46312	0.238592
東海大學	工業設計學系	9492	0.238466
長庚大學	電子工程學系	30132	0.235737
輔仁大學	臨床心理學系	20142	0.235635
國立東華大學	幼兒教育學系	34322	0.234405
長榮大學	資訊暨設計學院學士班互動設計組	51752	0.232361
國立宜蘭大學	電機工程學系	150132	0.231705
長榮大學	綠能與環境資源學系綠能園區實習組	51542	0.228734
國立中央大學	數學系數學科學組	16042	0.228451
東吳大學	德國文化學系	5092	0.228114
南華大學	自然生物科技學系	59292	0.228021
國立東華大學	化學系	34052	0.226526
大同大學	媒體設計學系數位遊戲設計組	19112	0.225275
中國醫藥大學	中國藥學暨中藥資源學系	12122	0.225052
國立東華大學	族群關係與文化學系	34332	0.224728
國立中正大學	地球與環境科學系	41062	0.224066
國立屏東大學	應用物理系光電暨材料組	36242	0.2237
亞洲大學	聽力暨語言治療學系	134142	0.223388
國立臺北教育大學	兒童英語教育學系	32092	0.22336
東吳大學	政治學系	5042	0.223347
國立臺灣體育運動大學	運動健康科學學系	60022	0.222234
國立臺東大學	資訊管理學系(APCS組)	38122	0.222069
靜宜大學	寰宇管理學士學位學程	18512	0.218452
淡江大學	化學工程與材料工程學系	14442	0.218267
東海大學	工業工程與經營資訊學系(智慧設計與生產)	9172	0.218187
國立高雄大學	東亞語文學系日語組	101032	0.218171
中國醫藥大學	護理學系	12062	0.217749
國立嘉義大學	食品科學系	100332	0.217069
淡江大學	國際企業學系國際商學全英語組	14172	0.216757
國立臺灣海洋大學	海洋生物科技學士學位學程	21282	0.216287
國立東華大學	電機工程學系	34092	0.2155
國立中興大學	材料科學與工程學系	3202	0.214585
國立中央大學	資訊管理學系(APCS組)	16172	0.214053
國立高雄師範大學	數學系應用數學組	22022	0.213474
東吳大學	哲學系	5032	0.213462
國立中興大學	資訊管理學系	3062	0.213436
慈濟大學	翔飛B組	108182	0.21342
大葉大學	藥用植物與保健學系(藥蛝g絡組)	42352	0.208206
淡江大學	商管學院全球財務管理全英語學士學位學程	14132	0.207621
國立中山大學	化學系	27052	0.206587
義守大學	資訊工程學系(APCS組)	45042	0.205813
國立中正大學	會計與資訊科技學系	41232	0.203393
國立嘉義大學	體育與健康休閒學系	100412	0.202061
國立體育大學	體育推廣學系(一般組)	39032	0.200827
國立交通大學	旋坤揚帆招生戊組(人文社會)	13302	0.198253
國立臺灣海洋大學	食品科學系食品科學組	21072	0.197842
南華大學	建築與景觀學系自然組	59232	0.19666
國立臺北大學	電機工程學系	99212	0.196017
輔仁大學	西班牙語文學系	20292	0.195799
東吳大學	財務工程與精算數學系	5212	0.195295
淡江大學	資訊工程學系	14382	0.195168
東吳大學	日本語文學系	5082	0.193586
中原大學	化學系材料化學組	8052	0.192001
佛光大學	應用經濟學系(經建行政組)	130272	0.191612
國立彰化師範大學	揚鷹招生C組(理工)	23242	0.190464
東海大學	化學工程與材料工程學系(製程及能源工程組)	9142	0.189823
慈濟大學	傳播學系	108092	0.188457
國立臺中教育大學	特殊教育學系	31032	0.18785
國立臺灣海洋大學	系統工程暨造船學系	21112	0.187776
淡江大學	理學院尖端材料科學學士學位學程	14292	0.186627
國立中興大學	生物科技學士學位學程	3352	0.184845
輔仁大學	教育領導與科技發展學士學位學程	20092	0.184294
中原大學	物理學系光電與材料科學組	8032	0.183099
國立臺灣海洋大學	資訊工程學系	21182	0.183067
國立中正大學	外國語文學系	41022	0.182255
國立中興大學	資訊科學與工程學系(APCS組)	3232	0.181183
中國文化大學	俄國語文學系	17072	0.180978
國立體育大學	適應體育學系	39072	0.179721
國立臺灣師範大學	人類發展與家庭學系家庭生活教育組	2052	0.178323
國立中央大學	土木工程學系	16092	0.175088
逢甲大學	會計學系	15072	0.174647
佛光大學	公共事務學系(國際與兩岸事務組)	130212	0.170585
中原大學	商業設計學系商業設計組	8312	0.170186
國立體育大學	休閒產業經營學系	39022	0.16815
逢甲大學	美國普渡大學電機資訊雙學士學位學程	15392	0.167678
國立中央大學	資訊電機學院學士班	16242	0.167589
中國文化大學	土地資源學系	17272	0.166681
國立高雄師範大學	國文學系	22172	0.166169
長庚大學	醫務管理學系	30152	0.164839
臺北市立大學	應用物理暨化學系電子物理組	35142	0.164676
淡江大學	電機工程學系電機與系統組	14432	0.164234
高雄醫學大學	醫學檢驗生物技術學系	7092	0.164067
元智大學	管理學院學士班(英語專班)	40052	0.163013
國立臺東大學	應用數學系	38102	0.161466
東吳大學	會計學系	5182	0.161229
中原大學	化學工程學系生化工程組	8092	0.160762
輔仁大學	企業管理學系	20432	0.160682
國立中山大學	物理學系	27062	0.159353
國立臺北藝術大學	劇場設計學系	28012	0.159168
國立高雄大學	應用物理學系	101162	0.157811
中原大學	建築學系	8292	0.155725
國立清華大學	電機工程學系乙組	11342	0.15395
國立中央大學	機械工程學系設計與分析組	16122	0.153526
國立中山大學	西灣南星B組(管)	27222	0.151558
靜宜大學	食品營養學系營養與保健組-一般組	18232	0.147033
國立聯合大學	化學工程學系	151022	0.14694
國立中興大學	森林學系木材科學組	3302	0.146845
中原大學	化學工程學系材料工程組	8102	0.146764
大葉大學	多媒體數位內容學士學位學程	42482	0.146277
國立中央大學	生命科學系	16302	0.145935
國立中正大學	嘉星招生己組(社)	41352	0.144327
輔仁大學	財經法律學系	20422	0.142329
國立暨南國際大學	東南亞學系	58062	0.142279
國立暨南國際大學	公共行政與政策學系	58042	0.142003
國立高雄大學	應用數學系	101142	0.141473
淡江大學	機械與機電工程學系光機電整合組	14392	0.140844
國立中央大學	地球科學學院學士班	16282	0.137498
臺北市立大學	運動健康科學系	35292	0.136029
淡江大學	外交與國際關係學系全英語學士班	14282	0.135795
東海大學	工業工程與經營資訊學系(智慧經營與管理)	9182	0.134415
國立臺灣海洋大學	輪機工程學系能源應用組	21052	0.134129
玄奘大學	視覺傳達設計學系數位媒體組	65082	0.13273
國立宜蘭大學	生物技術與動物科學系	150102	0.131752
長庚大學	資訊管理學系	30182	0.131641
世新大學	數位多媒體設計學系遊戲設計組	47102	0.129755
國立暨南國際大學	電機工程學系	58222	0.129597
中山醫學大學	醫學檢驗暨生物技術學系	26162	0.128271
國立交通大學	傳播與科技學系	13242	0.127299
國立中央大學	向日葵聯合招生戊組(人社)	16362	0.1215
國立東華大學	會計學系	34132	0.119904
中原大學	生物醫學工程學系	8132	0.118724
國立高雄大學	運動健康與休閒學系	101022	0.118012
淡江大學	經濟學系	14192	0.117625
逢甲大學	光電科學與工程學系	15202	0.116954
元智大學	工程學院英語學士班	40192	0.116777
國立高雄大學	財經法律學系	101082	0.115358
輔仁大學	宗教學系	20522	0.114843
國立政治大學	地政學系土地測量與資訊組	6132	0.114142
東海大學	餐旅管理學系	9472	0.112325
逢甲大學	國際經營與貿易學系國際企業管理全英語學士班	15092	0.110737
國立高雄師範大學	美術學系	22192	0.110265
國立清華大學	藝術與設計學系創作組	11542	0.109752
淡江大學	機械與機電工程學系精密機械組	14402	0.105001
銘傳大學	都市規劃與防災學系(桃園校區)	46322	0.104142
輔仁大學	醫學資訊與創新應用學士學位學程	20262	0.103361
中原大學	化學系化學組	8042	0.102638
國立東華大學	歷史學系	34232	0.100597
南華大學	資訊管理學系多媒體暨行動商務組	59312	0.09976
國立高雄師範大學	工業設計學系	22062	0.099356
國立體育大學	運動保健學系	39012	0.097321
國立臺灣海洋大學	生命科學暨生物科技學系	21102	0.092418
國立臺灣海洋大學	通訊與導航工程學系	21212	0.090663
國立臺灣海洋大學	運輸科學系A組	21032	0.088222
國立彰化師範大學	電機工程學系	23132	0.085289
慈濟大學	公共衛生學系	108032	0.082365
國立彰化師範大學	生物學系	23072	0.082233
國立臺灣海洋大學	機械與機電工程學系	21132	0.081047
中原大學	會計學系	8252	0.080167
中山醫學大學	醫學應用化學系	26132	0.079612
國立清華大學	體育學系(運動科學組)	11562	0.078859
國立臺中教育大學	資訊工程學系	31142	0.077868
東吳大學	英文學系	5072	0.077388
輔仁大學	物理學系物理組	20232	0.077119
國立臺南大學	教育學系	33012	0.077039
義守大學	工業管理學系	45132	0.076832
國立暨南國際大學	應用材料及光電工程學系	58242	0.072785
國立成功大學	中國文學系	4012	0.070854
淡江大學	物理學系光電物理組	14342	0.070089
中原大學	環境工程學系	8142	0.06903
國立臺東大學	美術產業學系	38202	0.066733
銘傳大學	數位媒體設計學系(桃園校區)	46292	0.066422
逢甲大學	機械與電腦輔助工程學系	15012	0.065256
國立高雄大學	建築學系	101232	0.063774
逢甲大學	土木工程學系	15292	0.063388
淡江大學	數學學系數學組	14302	0.063092
國立臺灣藝術大學	工藝設計學系	56192	0.061941
國立東華大學	財務金融學系	34162	0.061711
國立臺南大學	綠色能源科技學系	33142	0.061133
國立中正大學	化學暨生物化學系	41082	0.06106
國立聯合大學	材料科學工程學系	151042	0.060728
國立彰化師範大學	企業管理學系	23162	0.060199
國立彰化師範大學	地理學系	23112	0.059403
大葉大學	人力資源暨公共關係學系(人力資源管理組)	42172	0.058892
國立東華大學	應用數學系數學科學組	34012	0.056837
國立宜蘭大學	資訊工程學系	150152	0.056715
國立宜蘭大學	土木工程學系	150042	0.05608
國立暨南國際大學	教育政策與行政學系	58162	0.054749
國立臺東大學	應用科學系應用物理組	38152	0.054084
東海大學	會計學系	9302	0.051736
臺北市立大學	都會產業經營與行銷學系	35212	0.051095
臺北市立大學	英語教學系	35092	0.050369
亞洲大學	護理學系臨床照護組	134112	0.049536
中山醫學大學	心理學系	26102	0.049242
國立中正大學	機械工程學系	41172	0.049025
國立臺南大學	數位學習科技學系	33102	0.047776
國立高雄師範大學	光電與通訊工程學系	22072	0.047583
國立東華大學	教育與潛能開發學系	34292	0.045355
淡江大學	英文學系	14072	0.044781
高雄醫學大學	公共衛生學系	7112	0.042577
亞洲大學	時尚設計學系服飾創意設計組	134502	0.039191
中原大學	機械工程學系	8122	0.039168
國立聯合大學	環境與安全衛生工程學系	151052	0.038258
國立嘉義大學	景觀學系	100232	0.035281
國立中山大學	中國文學系	27012	0.033198
國立中正大學	嘉星招生乙組(管)	41312	0.032062
中原大學	土木工程學系	8112	0.031887
國立宜蘭大學	電子工程學系	150142	0.029291
國立臺灣海洋大學	水產養殖學系	21092	0.02906
中原大學	工業與系統工程學系管理組	8172	0.028243
國立臺南大學	電機工程學系	33122	0.026753
國立中山大學	材料與光電科學學系	27122	0.025131
國立臺灣體育運動大學	體育學系(一般組)	60062	0.024808
國立高雄大學	資訊工程學系	101222	0.022346
國立宜蘭大學	應用經濟與管理學系	150022	0.020632
國立嘉義大學	動物科學系	100212	0.019227
國立臺中教育大學	數學教育學系	31122	0.017674
國立嘉義大學	土木與水資源工程學系	100302	0.016429
逢甲大學	電機工程學系	15252	0.016014
國立中興大學	應用數學系數據科學與計算組	3152	0.014727
元智大學	機械工程學系	40162	0.01448
國立高雄師範大學	教育學系	22162	0.014327
輔仁大學	心理學系	20532	0.014198
靜宜大學	資訊傳播工程學系(遊戲開發組)	18472	0.013887
國立中正大學	嘉星招生甲組(工)	41302	0.013465
中國醫藥大學	醫學檢驗生物技術學系	12072	0.013027
東海大學	企業管理學系(服務創新與經營組)	9272	0.012884
國立中正大學	物理學系	41072	0.012759
淡江大學	資訊創新與科技學系應用資訊全英語組(蘭陽校園)	14492	0.010513
輔仁大學	會計學系	20452	0.009337
國立嘉義大學	木質材料與設計學系	100202	0.008601
國立中央大學	工學院學士班	16142	0.008028
淡江大學	會計學系	14202	0.007092
國立臺東大學	應用科學系化學及奈米科學組	38142	0.007022
國立中正大學	財經法律學系	41272	0.007008
國立聯合大學	電子工程學系	151102	0.005637
國立嘉義大學	電子物理學系	100252	0.005403
輔仁大學	數學系資訊數學組	20172	0.003374
銘傳大學	商品設計學系(桃園校區)	46282	0.002505
淡江大學	統計學系	14222	0.002032
淡江大學	土木工程學系	14372	0.001761
國立臺灣師範大學	音樂學系	2342	0
國立政治大學	教育學系(公費生甲組)	6052	0
高雄醫學大學	薪火招生A組	7212	0
東海大學	資訊工程學系資電工程組(APCS組)	9212	0
東海大學	資訊工程學系軟體工程組(APCS組)	9242	0
靜宜大學	生態人文學系-類繁星組	18162	0
國立中山大學	西灣南星A組(文)	27212	0
國立中山大學	西灣南星E組(海)	27252	0
國立臺北教育大學	教育經營與管理學系(芝山組)	32032	0
國立臺北教育大學	數學暨資訊教育學系數學組(公費生)	32242	0
國立臺北教育大學	音樂學系	32302	0
臺北市立大學	英語教學系(公費生)	35102	0
臺北市立大學	音樂學系	35242	0
國立屏東大學	幼兒教育學系(公費生)	36032	0
國立體育大學	體育推廣學系(拔河組)	39042	0
國立中正大學	嘉星招生丙組(法)	41322	0
大葉大學	人力資源暨公共關係學系(行銷公關組)	42182	0
大葉大學	醫療器材設計與材料學士學位學程(醫學應用組)	42462	0
義守大學	傳播產製英語學士學位學程	45452	0
長榮大學	國際會展管理學士學位學程會議展覽組	51222	0
國立臺灣藝術大學	中國音樂學系作曲組	56062	0
國立臺灣藝術大學	中國音樂學系聲樂組	56072	0
國立臺灣藝術大學	中國音樂學系管樂組	56082	0
國立臺灣藝術大學	中國音樂學系彈弦組	56092	0
國立臺灣藝術大學	中國音樂學系撥弦組	56102	0
國立臺灣藝術大學	中國音樂學系擦弦組(二)-低音擦弦	56122	0
國立臺灣藝術大學	舞蹈學系	56212	0
南華大學	管理學院國際企業學士學位學程	59062	0
國立臺灣體育運動大學	休閒運動學系(休閒運動組)	60092	0
真理大學	音樂應用學系-行政管理組	79352	0
國立嘉義大學	音樂學系	100392	0
慈濟大學	醫學資訊學系(APCS組)	108192	0
臺北醫學大學	展翅A組	109172	0
台灣首府大學	烘焙管理學系	111022	0
台灣首府大學	觀光事業管理學系(經營管理組)	111062	0
稻江科技暨管理學院	幼兒教育學系(非師資培育系所)	132012	0
稻江科技暨管理學院	法律學士學位學程	132042	0
明道大學	資訊傳播學系	133072	0
明道大學	材料與能源工程學系	133082	0
明道大學	中國文學學系	133132	0
東海大學	音樂學系	9542	0
國立清華大學	音樂學系	11532	0
輔仁大學	音樂學系器樂組	20552	0
國立高雄師範大學	音樂學系	22182	0
國立臺中教育大學	音樂學系	31162	0
國立臺南大學	音樂學系	33232	0
國立東華大學	音樂學系甲組	34362	0
開南大學	國際企業學系	110022	0
開南大學	會計學系	110032	0
開南大學	行銷學系	110042	0
開南大學	應用英語學系	110162	0
開南大學	健康產業管理學系	110182	0
國立臺灣海洋大學	電機工程學系	21162	-0.001919
元智大學	資訊傳播學系科技組	40112	-0.002159
國立臺南藝術大學	材質創作與設計系	63032	-0.00311
東吳大學	國際經營與貿易學系	5202	-0.003291
大同大學	資訊工程學系	19072	-0.003505
國立聯合大學	電機工程學系	151092	-0.004565
國立高雄大學	法律學系	101062	-0.00548
國立聯合大學	資訊管理學系	151152	-0.005599
國立東華大學	資訊工程學系資工組	34072	-0.00657
東海大學	應用物理學系	9082	-0.007028
東海大學	食品科學系	9462	-0.00819
中原大學	電機資訊學院學士班	8152	-0.009334
亞洲大學	職能治療學系	134152	-0.00966
大葉大學	企業管理學系(經營管理組)	42132	-0.010028
中國醫藥大學	運動醫學系	12112	-0.011431
國立東華大學	藝術創意產業學系	34392	-0.011791
國立彰化師範大學	資訊管理學系數位內容科技與管理組	23192	-0.012181
輔仁大學	體育學系運動健康管理組	20582	-0.012253
元智大學	資訊工程學系	40132	-0.012981
逢甲大學	電子工程學系	15242	-0.013909
東吳大學	社會學系	5052	-0.014884
逢甲大學	化學工程學系	15042	-0.014985
國立臺南大學	國語文學系	33052	-0.016707
東海大學	畜產與生物科技學系	9442	-0.017539
東海大學	美術學系	9552	-0.019093
臺北市立大學	教育學系	35012	-0.021345
佛光大學	產品與媒體設計學系(創意媒體設計組)	130092	-0.021737
東吳大學	物理學系	5112	-0.023817
慈濟大學	分子生物暨人類遺傳學系	108082	-0.026576
逢甲大學	材料科學與工程學系	15182	-0.028165
東海大學	生命科學系生態暨生物多樣性組	9122	-0.02876
長庚大學	工商管理學系	30162	-0.029825
大葉大學	會計資訊學系(會計管理組)	42192	-0.030465
國立高雄師範大學	電子工程學系	22082	-0.030948
中原大學	資訊工程學系	8192	-0.031015
中國醫藥大學	藥用化妝品學系	12132	-0.033669
國立臺灣海洋大學	輪機工程學系動力工程組	21062	-0.035895
國立東華大學	體育與運動科學系	34402	-0.036003
銘傳大學	商業設計學系(桃園校區)	46272	-0.037235
世新大學	觀光學系餐旅經營管理組	47172	-0.040142
臺北市立大學	視覺藝術學系	35252	-0.040873
臺北市立大學	資訊科學系	35182	-0.04093
國立東華大學	資訊管理學系	34142	-0.041801
義守大學	國際財務金融學系(國際學院)	45322	-0.042292
國立中央大學	化學工程與材料工程學系	16132	-0.042485
國立臺南大學	特殊教育學系	33022	-0.042592
國立中正大學	歷史學系	41032	-0.043666
東海大學	資訊管理學系(數位行銷與電子商務應用組)	9352	-0.045899
馬偕醫學院	護理學系	152022	-0.047821
元智大學	電機工程學系(乙組)	40212	-0.050616
輔仁大學	電機工程學系	20252	-0.053141
國立暨南國際大學	資訊工程學系	58192	-0.055132
國立暨南國際大學	應用化學系	58232	-0.055903
逢甲大學	自動控制工程學系	15262	-0.056316
淡江大學	水資源及環境工程學系水資源工程組	14462	-0.056606
國立中正大學	勞工關係學系	41122	-0.056758
東吳大學	微生物學系生物科技組	5142	-0.057031
玄奘大學	法律學系	65032	-0.058702
逢甲大學	澳洲墨爾本皇家理工大學商學與創新雙學士學位學程	15382	-0.058883
東吳大學	歷史學系	5022	-0.059085
國立嘉義大學	數位學習設計與管理學系	100052	-0.060314
國立中正大學	犯罪防治學系	41292	-0.060681
國立中正大學	社會福利學系	41102	-0.0611
中原大學	電子工程學系	8182	-0.063489
國立高雄師範大學	地理學系	22132	-0.063622
東海大學	化學工程與材料工程學系(生化工程組)	9162	-0.064013
實踐大學	資訊科技與管理學系APCS組(臺北校區)	50172	-0.064138
國立嘉義大學	企業管理學系	100102	-0.06457
國立高雄大學	生命科學系	101172	-0.06634
國立臺北大學	資訊工程學系	99182	-0.067515
靜宜大學	資訊管理學系-一般組	18412	-0.069018
南華大學	生死學系諮商組	59092	-0.069826
國立高雄大學	東亞語文學系韓語組	101042	-0.071864
國立臺中教育大學	科學教育與應用學系	31132	-0.073449
淡江大學	西班牙語文學系	14102	-0.073574
國立東華大學	生命科學系	34062	-0.075112
國立東華大學	觀光暨休閒遊憩學系	34172	-0.077626
國立交通大學	旋坤揚帆招生丁組(管理)	13292	-0.078742
東海大學	電機工程學系	9252	-0.080081
國立嘉義大學	生物機電工程學系	100292	-0.081063
國立嘉義大學	農藝學系	100172	-0.081166
中原大學	物理學系物理組	8022	-0.081391
中原大學	心理學系	8062	-0.081736
中山醫學大學	護理學系	26152	-0.082276
國立中興大學	中國文學系	3012	-0.082412
輔仁大學	圖書資訊學系	20082	-0.083013
國立中山大學	社會學系	27202	-0.083187
中原大學	財務金融學系	8272	-0.083691
中華大學	建築與都市計畫學系建築科技組	43252	-0.08651
國立臺南藝術大學	藝術史學系	63012	-0.08766
臺北市立大學	體育學系	35262	-0.088215
靜宜大學	食品營養學系營養與保健組-類繁星組	18242	-0.090519
中國文化大學	戲劇學系	17552	-0.091886
逢甲大學	財務工程與精算學士學位學程	15362	-0.093062
中原大學	資訊管理學系	8262	-0.093676
世新大學	資訊管理學系網路科技組	47142	-0.093749
輔仁大學	餐旅管理學系	20372	-0.09906
國立臺東大學	數位媒體與文教產業學系	38052	-0.09916
國立臺東大學	生命科學系	38132	-0.099288
東海大學	景觀學系	9502	-0.099782
國立臺北教育大學	資訊科學系	32222	-0.09982
國立嘉義大學	水生生物科學系	100342	-0.100975
國立臺灣海洋大學	食品科學系生物科技組	21082	-0.101579
中原大學	化學工程學系綠能製程組	8082	-0.10277
國立中興大學	興翼招生H組(生技獸醫)	3472	-0.103298
國立暨南國際大學	資訊工程學系(APCS組)	58202	-0.104082
銘傳大學	生物醫學工程學系智慧醫療組(桃園校區)	46592	-0.104304
國立臺南大學	資訊工程學系	33112	-0.104506
靜宜大學	財務工程學系-一般組	18192	-0.105007
國立高雄大學	化學工程及材料工程學系	101212	-0.107407
國立中興大學	企業管理學系	3052	-0.107847
國立彰化師範大學	國文學系	23102	-0.1089
東海大學	化學工程與材料工程學系(材料工程組)	9152	-0.110182
國立東華大學	材料科學與工程學系	34102	-0.110647
國立東華大學	華文文學系	34192	-0.111874
東海大學	法律學系	9512	-0.112616
國立中山大學	應用數學系	27072	-0.113352
國立臺東大學	綠色與資訊科技學士學位學程	38172	-0.114989
國立彰化師範大學	物理學系物理組	23052	-0.11742
東海大學	哲學系	9072	-0.118422
國立中山大學	西灣南星D組(工)	27242	-0.11863
大葉大學	造形藝術學系(工藝文創組)	42502	-0.118809
國立臺南大學	諮商與輔導學系	33042	-0.120419
國立臺灣師範大學	資訊工程學系(APCS組)	2222	-0.12111
國立彰化師範大學	資訊管理學系資訊管理組	23182	-0.122602
長榮大學	職業安全與衛生學系職業衛生組	51432	-0.124077
大葉大學	運動健康管理學系(運動健康指導組)	42422	-0.124314
國立暨南國際大學	觀光休閒與餐旅管理學系餐旅管理組	58132	-0.124606
國立屏東大學	應用數學系	36222	-0.125098
國立暨南國際大學	國際企業學系	58072	-0.126005
元智大學	人文社會學院英語學士班	40092	-0.126363
東海大學	資訊管理學系(物聯網與大數據應用組)	9342	-0.127927
國立暨南國際大學	國際文教與比較教育學系	58152	-0.129582
高雄醫學大學	生物醫學暨環境生物學系	7172	-0.131438
世新大學	法律學系	47262	-0.131891
國立高雄大學	亞太工商管理學系企業管理組	101102	-0.134499
國立聯合大學	機械工程學系	151012	-0.135791
國立東華大學	企業管理學系	34122	-0.137323
國立嘉義大學	生物資源學系	100352	-0.138995
國立嘉義大學	生物事業管理學系	100122	-0.142112
輔仁大學	日本語文學系	20302	-0.142283
國立臺中教育大學	台灣語文學系	31082	-0.143114
東海大學	財務金融學系	9312	-0.143456
慈濟大學	生命科學系	108072	-0.143749
國立中正大學	運動競技學系	41382	-0.144493
國立中正大學	嘉星招生丁組(文)	41332	-0.14616
亞洲大學	健康產業管理學系醫療機構管理組	134022	-0.146477
淡江大學	財務金融學系	14142	-0.146555
東吳大學	心理學系	5152	-0.148029
元智大學	工業工程與管理學系	40182	-0.149955
臺北市立大學	心理與諮商學系	35062	-0.150146
輔仁大學	化學系	20192	-0.151114
大同大學	機械工程學系精密機械組	19022	-0.151602
大葉大學	國際企業管理學系(跨境電商組)	42222	-0.1521
元智大學	資訊傳播學系設計組	40102	-0.156019
長榮大學	不動產財務金融學士學位學程	51242	-0.157019
世新大學	廣播電視電影學系電視組	47032	-0.160648
國立臺灣海洋大學	海洋觀光管理學士學位學程	21232	-0.161066
國立嘉義大學	輔導與諮商學系	100022	-0.16167
東海大學	資訊工程學系軟體工程組	9232	-0.161834
國立臺中教育大學	幼兒教育學系	31022	-0.162533
真理大學	觀光數位知識學系餐旅組	79332	-0.164699
國立臺灣體育運動大學	運動事業管理學系	60012	-0.165213
高雄醫學大學	醫學社會學與社會工作學系	7202	-0.165421
銘傳大學	國際事務與外交學士學位學程(全英語授課．桃園校區)	46202	-0.165503
元智大學	化學工程與材料科學學系	40172	-0.165561
世新大學	財務金融學系	47152	-0.166079
國立高雄大學	亞太工商管理學系工業管理組	101112	-0.168695
國立高雄大學	工藝與創意設計學系	101262	-0.169325
國立臺灣藝術大學	中國音樂學系擊樂組	56132	-0.17121
國立彰化師範大學	特殊教育學系	23032	-0.172898
淡江大學	教育科技學系	14062	-0.17357
國立臺東大學	特殊教育學系	38042	-0.173721
大葉大學	造形藝術學系(藝術創作組)	42512	-0.173727
世新大學	公共關係暨廣告學系	47062	-0.173776
中原大學	企業管理學系服務業管理組	8212	-0.175931
慈濟大學	護理學系	108042	-0.176328
國立臺灣海洋大學	海洋環境資訊系	21142	-0.178724
國立高雄師範大學	物理學系	22042	-0.179318
亞洲大學	視光學系	134132	-0.179793
中山醫學大學	健康餐飲暨產業管理學系	26142	-0.181168
義守大學	醫學系(公費生)	45552	-0.182244
國立金門大學	都市計畫與景觀學系	153172	-0.1825
輔仁大學	護理學系	20102	-0.184317
元智大學	電機工程學系(甲組)	40202	-0.187116
逢甲大學	財務金融學系	15342	-0.188126
國立臺北教育大學	兒童英語教育學系(公費生甲組)	32262	-0.190981
國立臺中教育大學	語文教育學系	31042	-0.193314
國立臺東大學	音樂學系(原住民生)	38192	-0.197153
國立中興大學	物理學系光電物理組	3132	-0.197571
淡江大學	物理學系應用物理組	14352	-0.200865
淡江大學	產業經濟學系	14152	-0.201795
國立彰化師範大學	美術學系	23252	-0.202017
亞洲大學	物理治療學系	134162	-0.202644
國立金門大學	食品科學系	153052	-0.202671
東海大學	企業管理學系(行銷與數位經營組)	9262	-0.202866
中國文化大學	地理學系	17132	-0.205298
中國醫藥大學	公共衛生學院大一不分系	12152	-0.205524
亞洲大學	數位媒體設計學系數位動畫設計組	134442	-0.20627
中山醫學大學	生物醫學科學學系	26072	-0.206652
東海大學	行政管理暨政策學系	9402	-0.208292
國立聯合大學	資訊工程學系	151122	-0.208946
國立中山大學	資訊管理學系	27142	-0.211554
逢甲大學	統計學系大數據分析與市場決策組	15132	-0.212031
中國文化大學	生命科學系	17162	-0.213193
中原大學	應用數學系	8012	-0.2134
國立聯合大學	土木與防災工程學系	151032	-0.215612
國立東華大學	特殊教育學系	34312	-0.216075
國立高雄師範大學	工業科技教育學系能源與冷凍空調組	22112	-0.216957
義守大學	醫學影像暨放射科學系	45512	-0.217726
國立嘉義大學	植物醫學系	100242	-0.21779
長榮大學	綠能與環境資源學系綠能產業管理組	51522	-0.217912
逢甲大學	國際經營與貿易學系	15082	-0.218247
元智大學	管理學院學士班(主修：國際企業)	40032	-0.218256
大葉大學	生物醫學系(生物醫藥組)	42302	-0.219826
大葉大學	消防安全學士學位學程	42122	-0.221224
銘傳大學	電子工程學系半導體光電組(桃園校區)	46512	-0.221682
輔仁大學	食品科學系	20392	-0.223749
淡江大學	俄國語文學系	14122	-0.224531
輔仁大學	生命科學系	20222	-0.227416
世新大學	新聞學系	47012	-0.228734
淡江大學	德國語文學系	14092	-0.229889
中山醫學大學	醫學社會暨社會工作學系	26192	-0.229927
東海大學	生命科學系生物醫學組	9112	-0.230135
佛光大學	產品與媒體設計學系(動態產品設計組)	130072	-0.230208
國立臺灣海洋大學	海洋文創設計產業學士學位學程	21252	-0.23083
逢甲大學	應用數學系	15172	-0.231876
淡江大學	數學學系資料科學與數理統計組	14312	-0.233506
靜宜大學	資訊傳播工程學系(動畫設計組)	18482	-0.236892
國立宜蘭大學	森林暨自然資源學系	150112	-0.237505
世新大學	口語傳播學系	47072	-0.23751
靜宜大學	資訊傳播工程學系-類繁星組	18502	-0.23755
國立臺南大學	經營與管理學系	33092	-0.239835
中國文化大學	森林暨自然保育學系	17262	-0.242082
國立高雄師範大學	化學系	22032	-0.242678
淡江大學	日本語文學系	14112	-0.245869
國立金門大學	長期照護學系	153152	-0.248711
南華大學	生死學系殯葬服務組	59082	-0.248952
中原大學	財經法律學系	8282	-0.249464
逢甲大學	環境工程與科學學系	15192	-0.252205
逢甲大學	資訊電機學院學士班	15272	-0.253581
元智大學	資訊學院英語學士班	40152	-0.257095
高雄醫學大學	醫務管理暨醫療資訊學系	7142	-0.25717
國立暨南國際大學	觀光休閒與餐旅管理學系觀光休閒組	58122	-0.257339
國立中興大學	興翼招生B組(文史法律)	3412	-0.258832
銘傳大學	華語文教學學系(桃園校區)	46262	-0.258889
輔仁大學	哲學系	20032	-0.259586
國立中興大學	歷史學系	3032	-0.261286
逢甲大學	統計學系商業大數據組	15122	-0.261337
東海大學	環境科學與工程學系	9192	-0.264996
國立聯合大學	財務金融學系	151172	-0.265287
中國文化大學	園藝暨生物技術學系	17242	-0.266254
國立聯合大學	文化創意與數位行銷學系	151212	-0.268225
國立中山大學	生物科學系	27042	-0.268767
東海大學	社會學系	9412	-0.269801
長榮大學	蘭花產業應用學士學位學程蘭花國際行銷組	51392	-0.273484
國立屏東大學	社會發展學系	36092	-0.273754
中華大學	景觀建築學系	43262	-0.273884
銘傳大學	財金法律學系(臺北校區)	46182	-0.274511
大葉大學	空間設計學系建築組	42542	-0.274775
國立臺中教育大學	文化創意產業設計與營運學系	31102	-0.275649
淡江大學	歷史學系	14022	-0.276905
中國醫藥大學	生物科技學系	12102	-0.280705
東吳大學	數學系	5102	-0.281258
輔仁大學	兒童與家庭學系	20382	-0.281383
銘傳大學	廣播電視學系(臺北校區)	46142	-0.284273
國立暨南國際大學	諮商心理與人力資源發展學系終身學習與人力資源發展組	58182	-0.284553
國立臺南大學	材料科學系	33132	-0.285554
銘傳大學	資訊傳播工程學系(桃園校區)	46482	-0.286722
中原大學	景觀學系	8332	-0.286981
淡江大學	風險管理與保險學系	14182	-0.28717
國立暨南國際大學	諮商心理與人力資源發展學系諮商心理組	58172	-0.287363
國立臺南大學	應用數學系	33182	-0.291477
國立交通大學	資訊工程學系(APCS組)	13062	-0.291708
逢甲大學	資訊工程學系	15232	-0.294205
亞洲大學	資訊工程學系數位內容與遊戲設計組	134202	-0.295387
國立暨南國際大學	社會政策與社會工作學系	58032	-0.300175
國立暨南國際大學	外國語文學系	58022	-0.301746
東海大學	統計學系(巨量資料管理組)	9322	-0.301894
義守大學	醫務管理學系	45222	-0.302313
臺北市立大學	休閒運動管理學系(運動績優組)	35282	-0.304785
逢甲大學	經濟學系	15142	-0.305001
大同大學	化學工程與生物科技學系	19042	-0.305606
銘傳大學	資訊管理學系電子商務與創新創業組(桃園校區)	46472	-0.307698
國立東華大學	自然資源與環境學系	34352	-0.309025
國立暨南國際大學	資訊管理學系	58092	-0.30951
國立高雄大學	資訊管理學系	101122	-0.309978
逢甲大學	航太與系統工程學系	15052	-0.310876
大葉大學	資訊管理學系(系統管理組)	42162	-0.312892
逢甲大學	都市計畫與空間資訊學系	15312	-0.313582
銘傳大學	資訊工程學系(桃園校區)	46492	-0.313931
東海大學	歷史學系	9042	-0.314186
佛光大學	資訊應用學系(網路與多媒體組)	130122	-0.314692
國立嘉義大學	應用經濟學系	100112	-0.31478
國立屏東大學	應用化學系	36212	-0.315514
國立嘉義大學	電機工程學系	100312	-0.316369
中山醫學大學	公共衛生學系	26182	-0.316893
中山醫學大學	視光學系	26082	-0.317661
國立臺東大學	文化資源與休閒產業學系	38022	-0.317886
輔仁大學	歷史學系	20022	-0.31911
國立臺東大學	幼兒教育學系	38032	-0.32
靜宜大學	資訊工程學系-一般組	18442	-0.320917
中原大學	生物科技學系	8072	-0.321218
大同大學	電機工程學系	19032	-0.321438
東海大學	政治學系政治理論組	9382	-0.321823
中國文化大學	紡織工程學系	17342	-0.322445
國立臺東大學	資訊工程學系	38162	-0.322981
淡江大學	資訊管理學系	14232	-0.32426
實踐大學	家庭研究與兒童發展學系(臺北校區)	50032	-0.324475
亞洲大學	生物資訊與醫學工程學系生醫資訊組	134172	-0.325242
東海大學	資訊工程學系資電工程組	9202	-0.325275
國立臺南大學	生態暨環境資源學系	33162	-0.325617
國立高雄師範大學	軟體工程與管理學系	22092	-0.328662
國立金門大學	觀光管理學系	153072	-0.330568
世新大學	傳播管理學系	47112	-0.330614
實踐大學	資訊模擬與設計學系AR/VR體感科技組(高雄校區)	50462	-0.335125
世新大學	資訊管理學系資訊科技組	47132	-0.335584
國立臺東大學	英美語文學系	38062	-0.336484
國立中興大學	應用經濟學系	3092	-0.338222
亞洲大學	時尚設計學系時尚服裝設計組	134492	-0.338904
國立金門大學	電子工程學系	153042	-0.340443
逢甲大學	運輸與物流學系	15322	-0.342607
銘傳大學	新媒體暨傳播管理學系(臺北校區)	46132	-0.343267
中國文化大學	都市計劃與開發管理學系	17492	-0.344133
逢甲大學	精密系統設計學士學位學程	15062	-0.345984
義守大學	職能治療學系	45532	-0.347291
東海大學	國際經營與貿易學系	9292	-0.348553
國立臺灣師範大學	人類發展與家庭學系幼兒發展與教育組	2062	-0.350377
國立東華大學	藝術與設計學系	34382	-0.35088
國立嘉義大學	園藝學系	100182	-0.352861
國立中興大學	興翼招生A組(商學管理)	3402	-0.354994
亞洲大學	室內設計學系住宅空間組	134522	-0.355855
國立東華大學	臺灣文化學系	34222	-0.357084
國立屏東大學	文化創意產業學系	36082	-0.357216
世新大學	行政管理學系	47162	-0.357496
靜宜大學	法律學系-一般組	18132	-0.357972
中國文化大學	全球商務學士學位學程	17442	-0.358182
銘傳大學	電子工程學系計算機應用組(桃園校區)	46522	-0.358239
輔仁大學	營養科學系	20402	-0.359078
國立嘉義大學	生物農業科技學系	100222	-0.359731
逢甲大學	通訊工程學系	15282	-0.360753
逢甲大學	工業工程與系統管理學系	15032	-0.365009
長榮大學	醫學社會暨健康照護學士學位學程健康照護組	51372	-0.365443
元智大學	社會暨政策科學學系	40082	-0.365698
世新大學	觀光學系觀光規劃暨資源管理組	47192	-0.36583
淡江大學	管理科學學系(事業經營組)	14262	-0.36686
長榮大學	資訊暨設計學院學士班資訊工程組	51732	-0.368403
國立宜蘭大學	園藝學系	150122	-0.368576
南華大學	建築與景觀學系社會組	59222	-0.369094
國立臺中教育大學	國際企業學系	31092	-0.36927
中原大學	應用外國語文學系	8352	-0.369835
中國文化大學	景觀學系	17522	-0.371943
銘傳大學	生物科技學系食品生技組(桃園校區)	46572	-0.372135
大葉大學	生物醫學系(醫藥檢驗與管理組)	42312	-0.37288
大葉大學	視光學系	42442	-0.374251
玄奘大學	影劇藝術學系	65062	-0.376051
元智大學	管理學院學士班(主修：財務金融)	40022	-0.376085
輔仁大學	物理學系光電物理組	20242	-0.376762
國立高雄師範大學	生物科技系	22052	-0.377909
國立嘉義大學	機械與能源工程學系	100322	-0.381324
靜宜大學	台灣文學系-一般組	18112	-0.381496
明道大學	精緻農業學系	133062	-0.382651
中原大學	企業管理學系高科技業管理組	8222	-0.38379
國立高雄大學	電機工程學系	101182	-0.385068
國立臺灣藝術大學	戲劇學系	56042	-0.385229
東海大學	日本語言文化學系	9052	-0.386448
靜宜大學	寰宇外語教育學士學位學程-一般組	18522	-0.3902
靜宜大學	中國文學系-一般組	18072	-0.391416
義守大學	娛樂事業管理學系活動策展組(國際學院)	45352	-0.393499
東海大學	政治學系國際關係組	9392	-0.396759
國立嘉義大學	應用數學系	100272	-0.399523
淡江大學	水資源及環境工程學系環境工程組	14472	-0.399818
中山醫學大學	營養學系	26112	-0.400578
義守大學	通訊工程學系	45052	-0.401364
東吳大學	社會工作學系	5062	-0.401457
國立嘉義大學	特殊教育學系	100032	-0.402659
大葉大學	財務金融學系(投資管理組)	42242	-0.403539
元智大學	管理學院學士班(主修：會計)	40042	-0.404083
逢甲大學	土地管理學系	15332	-0.404569
中國文化大學	法律學系法學組	17172	-0.405442
銘傳大學	電腦與通訊工程學系(桃園校區)	46532	-0.405994
輔仁大學	資訊工程學系	20202	-0.40904
東海大學	應用數學系	9132	-0.409419
銘傳大學	生物醫學工程學系專利醫材組(桃園校區)	46582	-0.41142
長榮大學	蘭花產業應用學士學位學程蘭花創意應用組	51402	-0.412152
佛光大學	外國語文學系	130182	-0.412775
國立暨南國際大學	財務金融學系	58112	-0.413062
銘傳大學	醫療資訊與管理學系醫療數據資訊組(桃園校區)	46552	-0.413268
國立嘉義大學	行銷與觀光管理學系	100142	-0.415035
長榮大學	職業安全與衛生學系職業安全組	51422	-0.416031
國立臺南大學	生物科技學系	33152	-0.416076
國立高雄大學	東亞語文學系越語組	101052	-0.417977
國立臺灣師範大學	地球科學系	2202	-0.418085
東海大學	外國語文學系	9032	-0.41817
實踐大學	餐飲管理學系(臺北校區)	50042	-0.418364
淡江大學	管理科學學系(行銷與流通管理組)	14272	-0.420113
長榮大學	職業安全與衛生學系職業安全衛生管理組	51442	-0.424608
世新大學	圖文傳播暨數位出版學系	47052	-0.425576
銘傳大學	犯罪防治學系(桃園校區)	46372	-0.427178
義守大學	資訊管理學系	45142	-0.427642
佛光大學	歷史學系(史學經典與歷史創作組)	130162	-0.427828
元智大學	電機通訊學院英語學士班	40232	-0.428308
國立屏東大學	體育學系	36322	-0.429834
銘傳大學	休閒遊憩管理學系(桃園校區)	46352	-0.431275
元智大學	管理學院學士班(主修：企業管理)	40012	-0.434669
真理大學	經濟學系	79222	-0.435289
南華大學	傳播學系	59152	-0.438079
國立暨南國際大學	土木工程學系	58212	-0.439874
淡江大學	資訊與圖書館學系	14032	-0.441263
佛光大學	文化資產與創意學系(文化創意組)	130012	-0.441864
國立臺東大學	教育學系	38012	-0.442806
國立金門大學	資訊工程學系	153082	-0.443592
臺北市立大學	特殊教育學系	35032	-0.445852
東海大學	企業管理學系(創業與組織領導組)	9282	-0.446723
國立嘉義大學	資訊管理學系	100132	-0.449998
慈濟大學	東方語文學系日文組	108142	-0.453108
國立金門大學	海洋與邊境管理學系	153122	-0.455822
慈濟大學	翔飛A組	108172	-0.456555
元智大學	資訊管理學系	40122	-0.459257
國立東華大學	公共行政學系	34272	-0.462482
中華大學	應用日語學系語文組	43312	-0.464837
東海大學	社會工作學系	9432	-0.465047
銘傳大學	餐旅管理學系(桃園校區)	46362	-0.466269
世新大學	資訊傳播學系	47082	-0.466843
大同大學	材料工程學系	19082	-0.468935
銘傳大學	新聞學系(臺北校區)	46162	-0.469336
國立東華大學	英美語文學系	34212	-0.469621
中國文化大學	地質學系	17152	-0.470824
臺北市立大學	休閒運動管理學系(一般組)	35272	-0.471084
逢甲大學	纖維與複合材料學系	15022	-0.472015
靜宜大學	財務金融學系-一般組	18392	-0.472542
逢甲大學	財稅學系	15102	-0.472677
亞洲大學	財務金融學系金融科技組	134352	-0.47275
中華大學	建築與都市計畫學系建築設計組	43232	-0.473689
淡江大學	大眾傳播學系	14042	-0.475377
中國文化大學	化學工程與材料工程學系	17302	-0.476398
國立彰化師範大學	資訊工程學系	23152	-0.477669
銘傳大學	國際企業與貿易學士學位學程(全英語授課．臺北校區)	46192	-0.477832
國立金門大學	工業工程與管理學系	153132	-0.479959
實踐大學	應用英語學系英語教學組(高雄校區)	50512	-0.480972
義守大學	材料科學與工程學系	45092	-0.481813
靜宜大學	企業管理學系-一般組	18312	-0.482396
明道大學	數位設計學系	133102	-0.482996
國立暨南國際大學	經濟學系	58082	-0.486376
逢甲大學	行銷學系	15162	-0.488761
靜宜大學	應用化學系-類繁星組	18222	-0.489314
國立嘉義大學	微生物免疫與生物藥學系	100372	-0.492305
佛光大學	資訊應用學系(動畫與數位內容組)	130132	-0.492425
亞洲大學	視覺傳達設計學系	134462	-0.492527
南華大學	旅遊管理學系	59052	-0.49331
靜宜大學	化菻~科學系-一般組	18272	-0.493896
長榮大學	國際會展管理學士學位學程旅遊管理組	51232	-0.495901
東吳大學	巨量資料管理學院學士學位學程	5232	-0.49601
臺北市立大學	歷史與地理學系	35122	-0.496058
中國文化大學	動物科學系	17252	-0.496322
國立臺灣體育運動大學	體育學系(運動專長組)	60082	-0.498071
銘傳大學	國際企業學系外貿行銷管理組(臺北校區)	46112	-0.49844
國立宜蘭大學	機械與機電工程學系	150052	-0.501319
輔仁大學	中國文學系	20012	-0.502018
大葉大學	護理學系	42412	-0.505345
明道大學	時尚造形學系	133112	-0.505392
銘傳大學	國際企業學系跨境電商經營組(臺北校區)	46102	-0.505553
國立金門大學	運動與休閒學系	153022	-0.508417
實踐大學	財務金融學系(臺北校區)	50142	-0.509341
國立臺灣師範大學	光電工程學士學位學程	2282	-0.509526
中國文化大學	資訊管理學系(智慧商務科技組)	17402	-0.511829
元智大學	藝術與設計學系	40242	-0.512098
銘傳大學	法律學系(臺北校區)	46172	-0.514007
逢甲大學	風險管理與保險學系	15352	-0.514234
國立東華大學	國際企業學系	34152	-0.515122
義守大學	土木與生態工程學系	45082	-0.516472
亞洲大學	會計與資訊學系財稅應用組	134322	-0.518662
國立東華大學	教育行政與管理學系	34302	-0.518947
中國文化大學	法律學系財經法律組	17182	-0.519484
輔仁大學	資訊工程學系(APCS組)	20212	-0.520937
淡江大學	中國文學學系	14012	-0.521492
臺北市立大學	中國語文學系	35082	-0.521573
大葉大學	機械與自動化工程學系(車輛科技與綠色能源組)	42012	-0.525762
佛光大學	公共事務學系(行政管理組)	130222	-0.527628
大同大學	資訊經營學系	19092	-0.528559
東海大學	中國文學系	9012	-0.528573
國立臺南大學	行政管理學系	33072	-0.5296
國立東華大學	中國語文學系	34202	-0.529813
靜宜大學	社會工作與兒童少年福利學系-一般組	18092	-0.52999
國立宜蘭大學	外國語文學系	150012	-0.530645
中國文化大學	建築及都市設計學系	17502	-0.532542
靜宜大學	應用化學系-一般組	18212	-0.5329
國立中正大學	生物醫學科學系	41092	-0.536622
靜宜大學	國際企業學系-一般組	18332	-0.536946
中華大學	機械工程學系智慧自動化組	43062	-0.53724
中國文化大學	資訊傳播學系	17472	-0.540251
世新大學	資訊管理學系資訊管理組	47122	-0.541504
真理大學	航空事業學系	79342	-0.54326
靜宜大學	資料科學暨大數據分析與應用學系-一般組	18292	-0.544597
國立東華大學	經濟學系	34242	-0.544698
亞洲大學	數位媒體設計學系數位遊戲設計組	134452	-0.544904
國立金門大學	企業管理學系	153032	-0.546719
南華大學	生死學系社會工作組	59072	-0.546781
國立臺東大學	身心整合與運動休閒產業學系	38082	-0.55331
國立清華大學	教育心理與諮商學系	11072	-0.554201
亞洲大學	生物科技學系精緻農業暨生技產業管理組	134062	-0.557463
大葉大學	烘焙暨飲料調製學士學位學程	42402	-0.560237
中國文化大學	史學系	17042	-0.562188
慈濟大學	醫學資訊學系	108052	-0.563358
亞洲大學	生物資訊與醫學工程學系醫學工程組	134182	-0.56444
世新大學	日本語文學系	47252	-0.565512
中華大學	電機工程學系	43052	-0.566137
亞洲大學	休閒與遊憩管理學系旅遊事業管理組	134312	-0.566192
銘傳大學	醫療資訊與管理學系健康產業管理組(桃園校區)	46542	-0.566618
中山醫學大學	職業安全衛生學系	26122	-0.569088
真理大學	資訊管理學系電子商務組	79272	-0.569524
銘傳大學	應用中國文學系文創組(桃園校區)	46222	-0.569713
亞洲大學	生物科技學系醫藥應用組	134052	-0.570478
臺北市立大學	社會暨公共事務學系	35112	-0.571276
國立嘉義大學	幼兒教育學系	100042	-0.572701
中山醫學大學	應用外國語言學系	26172	-0.579982
靜宜大學	西班牙語文學系-一般組	18032	-0.580927
銘傳大學	生物科技學系生物醫學組(桃園校區)	46562	-0.581107
佛光大學	應用經濟學系(財務金融組)	130262	-0.581305
國立臺灣海洋大學	海洋法政學士學位學程	21242	-0.583139
國立金門大學	護理學系	153142	-0.583251
靜宜大學	日本語文學系-一般組	18052	-0.583717
義守大學	餐旅管理學系旅館管理組	45252	-0.58424
義守大學	休閒事業管理學系活動企劃與行銷組	45262	-0.585575
義守大學	護理學系	45502	-0.585739
中原大學	國際經營與貿易學系	8242	-0.585764
大葉大學	會計資訊學系(投資理財組)	42202	-0.588275
國立臺南大學	幼兒教育學系	33032	-0.590261
國立彰化師範大學	電子工程學系	23142	-0.59238
佛光大學	資訊應用學系(資訊系統與智慧應用組)	130112	-0.593413
國立臺灣體育運動大學	運動資訊與傳播學系(傳播組)	60032	-0.59347
義守大學	醫學檢驗技術學系	45542	-0.593811
東海大學	化學系化學生物組	9102	-0.59426
中國文化大學	機械工程學系	17332	-0.595485
國立彰化師範大學	機電工程學系	23122	-0.595643
大葉大學	電機工程學系(產學合作組)	42052	-0.596271
中國文化大學	中國戲劇學系	17562	-0.5987
銘傳大學	動漫文創設計學士學位學程(桃園校區)	46332	-0.600067
義守大學	電影與電視學系影視技術組	45422	-0.600705
國立嘉義大學	應用化學系	100262	-0.601155
輔仁大學	數學系應用數學組	20182	-0.602373
慈濟大學	人類發展與心理學系	108122	-0.603708
中國文化大學	電機工程學系	17312	-0.604029
南華大學	文學系	59112	-0.604308
大同大學	應用外語學系	19122	-0.604612
國立高雄大學	西洋語文學系	101012	-0.605199
亞洲大學	資訊傳播學系新媒體傳播應用組	134262	-0.605533
國立屏東大學	資訊科學系	36282	-0.607817
銘傳大學	風險管理與保險學系保險金融與行銷組(臺北校區)	46082	-0.608111
淡江大學	國際企業學系經貿管理組	14162	-0.609368
國立金門大學	社會工作學系	153162	-0.609406
銘傳大學	會計學系會計審計組(臺北校區)	46042	-0.609424
國立高雄師範大學	視覺設計學系	22202	-0.611244
國立彰化師範大學	揚鷹招生A組(教文社)	23222	-0.611519
逢甲大學	外國語文學系	15222	-0.611584
義守大學	營養學系臨床營養組	45482	-0.611954
輔仁大學	社會學系	20492	-0.612347
銘傳大學	財務金融學系國際金融管理組(臺北校區)	46062	-0.612928
亞洲大學	創意商品設計學系創意商品設計組	134472	-0.613741
義守大學	財務與計算數學系	45102	-0.614567
義守大學	生物醫學工程學系	45112	-0.617639
長榮大學	航運管理學系	51092	-0.617764
南華大學	資訊工程學系自然組	59262	-0.619401
國立中正大學	法律學系法學組	41252	-0.621474
中國文化大學	資訊工程學系	17352	-0.6237
中華大學	資訊工程學系資訊工程組	43012	-0.624403
中國文化大學	保健營養學系	17292	-0.631684
義守大學	資訊工程學系	45032	-0.632376
國立中興大學	興翼招生D組(化學材料)	3432	-0.634087
中華大學	應用日語學系商務組	43302	-0.634894
銘傳大學	應用統計與資料科學學系應用統計組(桃園校區)	46402	-0.636389
大葉大學	財務金融學系(銀行專業組)	42232	-0.637645
亞洲大學	心理學系諮商與臨床心理組	134082	-0.63824
實踐大學	社會工作學系(臺北校區)	50022	-0.638426
中國文化大學	體育學系	17592	-0.638808
長榮大學	醫藥科學產業學系醫學科學組	51352	-0.640282
亞洲大學	食品營養與保健生技學系保健化妝品組	134042	-0.643182
實踐大學	金融管理學系金融商品組(高雄校區)	50312	-0.643436
義守大學	健康管理學系	45232	-0.64387
國立屏東大學	教育心理與輔導學系	36052	-0.644916
義守大學	廚藝學系中西廚藝組	45292	-0.646406
佛光大學	傳播學系(流行音樂傳播組)	130052	-0.646548
亞洲大學	光電與通訊學系通訊網路組	134242	-0.64702
國立金門大學	應用英語學系	153012	-0.648652
中原大學	企業管理學系工商管理組	8232	-0.652913
亞洲大學	創意設計學院不分系國際設計學士班	134532	-0.653308
國立高雄師範大學	事業經營學系	22122	-0.654173
實踐大學	服飾設計與經營學系(高雄校區)	50472	-0.655205
義守大學	電子工程學系	45022	-0.655858
長榮大學	美術學系藝術創作組	51802	-0.657376
佛光大學	產品與媒體設計學系(創新商品設計組)	130062	-0.659114
靜宜大學	觀光事業學系-一般組	18372	-0.659702
中國文化大學	資訊管理學系(雲端服務暨巨量資料組)	17412	-0.659818
世新大學	中國文學系	47242	-0.661214
慈濟大學	英美語文學系	108152	-0.661971
真理大學	宗教文化與資訊管理學系	79042	-0.66354
國立臺東大學	資訊管理學系	38112	-0.667554
長榮大學	會計資訊學系	51072	-0.667706
靜宜大學	會計學系-一般組	18352	-0.670107
大葉大學	機械與自動化工程學系(機電整合組)	42032	-0.67097
長榮大學	消防安全學士學位學程火場鑑識組	51512	-0.671907
中國文化大學	光電物理學系	17112	-0.674551
亞洲大學	護理學系高齡長期照護組	134122	-0.676392
國立宜蘭大學	食品科學系	150092	-0.676841
元智大學	資訊工程學系(APCS組)	40142	-0.679358
義守大學	國際商務學系	45202	-0.679543
銘傳大學	資訊管理學系行動商務管理組(桃園校區)	46452	-0.679635
逢甲大學	水利工程與資源保育學系	15302	-0.680597
中國文化大學	國際貿易學系	17362	-0.681452
國立嘉義大學	財務金融學系	100162	-0.682253
實踐大學	資訊模擬與設計學系互動遊戲設計組(高雄校區)	50452	-0.683505
實踐大學	會計暨稅務學系洗錢防制組(高雄校區)	50232	-0.684777
銘傳大學	觀光事業學系(桃園校區)	46342	-0.684951
國立金門大學	國際暨大陸事務學系	153102	-0.686199
實踐大學	食品營養與保健生技學系(臺北校區)	50012	-0.691056
大葉大學	視覺傳達設計學系(動態媒體組)	42532	-0.692429
義守大學	廚藝學系烘焙廚藝組	45302	-0.692523
佛光大學	管理學系(行銷與創業組)	130242	-0.693032
國立宜蘭大學	休閒產業與健康促進學系	150032	-0.694217
亞洲大學	社會工作學系心理與家庭社工雙專業組	134402	-0.695722
中華大學	旅遊與休閒學系	43352	-0.69626
明道大學	景觀與環境設計學系	133122	-0.696455
義守大學	機械與自動化工程學系	45062	-0.699519
義守大學	大眾傳播學系	45382	-0.700152
大同大學	機械工程學系電子機械組	19012	-0.701605
中國文化大學	財務金融學系財務金融組	17432	-0.702308
淡江大學	英美語言文化學系全英語學士班(蘭陽校園)	14522	-0.702947
國立臺灣海洋大學	資訊工程學系(APCS組)	21192	-0.70361
亞洲大學	食品營養與保健生技學系食品營養組	134032	-0.703945
慈濟大學	兒童發展與家庭教育學系	108102	-0.705415
大葉大學	婚禮企劃暨節慶管理學士學位學程	42392	-0.705514
中國文化大學	觀光事業學系	17392	-0.705778
國立臺北教育大學	心理與諮商學系(芝山組)	32072	-0.707522
東海大學	統計學系(決策管理組)	9332	-0.710271
國立東華大學	社會學系	34262	-0.713886
國立臺東大學	體育學系	38212	-0.714417
真理大學	資訊管理學系資管應用組	79252	-0.717489
實踐大學	管理學院國際企業英語學士學位學程(臺北校區)	50132	-0.718069
中華大學	資訊工程學系智慧軟體設計組	43022	-0.718921
國立暨南國際大學	中國語文學系	58012	-0.720191
東海大學	經濟學系一般經濟組	9362	-0.724546
亞洲大學	心理學系工商與社會心理組	134092	-0.725575
靜宜大學	大眾傳播學系-類繁星組	18182	-0.725869
佛光大學	應用經濟學系(國際商務組)	130282	-0.727225
國立中正大學	中國文學系	41012	-0.727831
國立臺東大學	公共與文化事務學系	38092	-0.728034
國立嘉義大學	生化科技學系	100362	-0.729299
國立彰化師範大學	公共事務與公民教育學系公民教育組	23202	-0.73265
銘傳大學	應用統計與資料科學學系大數據管理組(桃園校區)	46412	-0.733779
銘傳大學	企業管理學系品牌行銷組(臺北校區)	46012	-0.73418
銘傳大學	應用日語學系(桃園校區)	46252	-0.734341
台灣首府大學	飯店管理學系	111032	-0.735158
長榮大學	護理學系	51332	-0.736744
靜宜大學	資訊工程學系(APCS組)	18452	-0.740185
長榮大學	資訊暨設計學院學士班資訊管理組	51722	-0.740494
亞洲大學	光電與通訊學系光電綠能組	134232	-0.74149
亞洲大學	心理學系心理師研修組	134072	-0.741717
中國文化大學	新聞學系	17452	-0.742975
大同大學	事業經營學系	19062	-0.744241
實踐大學	資訊科技與管理學系(臺北校區)	50162	-0.744542
亞洲大學	會計與資訊學系管理應用組	134332	-0.745356
中國文化大學	會計學系	17382	-0.747272
慈濟大學	社會工作學系	108112	-0.74736
國立臺北教育大學	自然科學教育學系(芝山組)	32212	-0.748345
大葉大學	環境工程學系(社會組)	42102	-0.748771
國立嘉義大學	視覺藝術學系	100402	-0.749884
淡江大學	公共行政學系	14252	-0.751086
義守大學	娛樂事業管理學系影視娛樂組(國際學院)	45342	-0.752463
長榮大學	創新應用管理學系企業營運組	51182	-0.752897
國立屏東大學	幼兒教育學系	36022	-0.753293
南華大學	應用社會學系社會工作組	59142	-0.754933
中國文化大學	教育學系	17532	-0.755035
長榮大學	土地管理與開發學系	51122	-0.755882
大葉大學	食品暨應用生物科技學系(應用生技組)	42292	-0.756812
佛光大學	傳播學系(數位媒體組)	130032	-0.761495
淡江大學	企業管理學系	14212	-0.761658
世新大學	英語學系	47232	-0.767419
中國文化大學	社會福利學系	17222	-0.768044
淡江大學	法國語文學系	14082	-0.769316
國立臺灣藝術大學	雕塑學系	56162	-0.770953
玄奘大學	社會工作學系	65012	-0.771754
實踐大學	應用中文學系劇本創作組(高雄校區)	50622	-0.772958
大葉大學	工業工程與管理學系	42062	-0.774212
國立臺灣師範大學	機電工程學系	2262	-0.775099
明道大學	應用英語學系	133142	-0.776218
長榮大學	翻譯學系	51582	-0.778041
國立屏東大學	視覺藝術學系數位媒體設計組	36122	-0.784322
輔仁大學	社會工作學系	20502	-0.786953
中國文化大學	生活應用科學系	17282	-0.790109
實踐大學	應用英語學系英日雙語組(高雄校區)	50492	-0.790858
實踐大學	風險管理與保險學系(臺北校區)	50152	-0.792006
國立東華大學	管理學院管理科學與財金國際學士學位學程	34182	-0.792853
銘傳大學	經濟與金融學系金融理財組(桃園校區)	46422	-0.794021
義守大學	餐旅管理學系餐飲管理組	45242	-0.794731
銘傳大學	財務金融學系財務金融組(臺北校區)	46072	-0.804372
國立臺南大學	戲劇創作與應用學系	33172	-0.804384
世新大學	數位多媒體設計學系動畫設計組	47092	-0.805497
中原大學	特殊教育學系	8342	-0.805747
實踐大學	時尚設計學系(高雄校區)	50602	-0.807618
玄奘大學	大眾傳播學系	65052	-0.808954
真理大學	工業管理與經營資訊學系	79232	-0.809506
佛光大學	傳播學系(廣告公關組)	130042	-0.810374
靜宜大學	日本語文學系-類繁星組	18062	-0.811256
國立屏東大學	英語學系	36072	-0.8128
國立嘉義大學	資訊工程學系	100282	-0.814687
玄奘大學	應用日語學系	65112	-0.815301
東海大學	化學系化學組	9092	-0.817091
靜宜大學	中國文學系-類繁星組	18082	-0.817098
亞洲大學	資訊工程學系人工智慧組	134192	-0.817976
國立臺中教育大學	諮商與應用心理學系	31062	-0.819407
玄奘大學	應用心理學系	65022	-0.820253
中華大學	光電與材料工程學系	43092	-0.820812
義守大學	生物科技學系生物醫藥組	45462	-0.822131
大葉大學	材料科學與工程學系	42112	-0.822583
中原大學	應用華語文學系	8362	-0.822866
國立中正大學	法律學系法制組	41262	-0.823873
義守大學	電機工程學系	45012	-0.82563
國立屏東大學	教育學系	36012	-0.82789
實踐大學	電腦動畫學士學位學程(高雄校區)	50682	-0.838772
淡江大學	化學學系化學與生物化學組	14322	-0.839181
國立臺南大學	文化與自然資源學系	33082	-0.839339
中國文化大學	應用數學系	17102	-0.843327
國立中興大學	興翼招生C組(電資物理)	3422	-0.84477
真理大學	英美語文學系	79062	-0.845031
亞洲大學	經營管理學系國際企業管理組	134292	-0.848121
長榮大學	運動競技學系	51842	-0.851497
長榮大學	醫務管理學系長照機構管理組	51262	-0.852564
長榮大學	應用日語學系觀光文化組	51662	-0.854885
實踐大學	行銷管理學系百貨服務業管理組(高雄校區)	50382	-0.85694
真理大學	運動資訊傳播學系	79292	-0.858534
亞洲大學	財經法律學系財經法律組	134372	-0.860301
元智大學	中國語文學系	40072	-0.860441
大葉大學	電機工程學系	42042	-0.860493
南華大學	民族音樂學系	59212	-0.863274
中華大學	行政管理學系	43332	-0.864089
南華大學	文化創意事業管理學系	59042	-0.864295
佛光大學	文化資產與創意學系(文化觀光組)	130022	-0.864431
義守大學	會計學系管理應用組	45192	-0.869187
國立暨南國際大學	歷史學系	58052	-0.870424
東吳大學	中國文學系	5012	-0.870519
南華大學	國際事務與企業學系	59192	-0.87087
靜宜大學	會計學系-類繁星組	18362	-0.871137
銘傳大學	諮商與工商心理學系(桃園校區)	46392	-0.871981
靜宜大學	英國語文學系-一般組	18012	-0.872569
國立臺中教育大學	體育學系非運動專長組	31112	-0.874552
大同大學	媒體設計學系互動媒體設計組	19102	-0.876292
大葉大學	資訊工程學系(資訊工程組)	42072	-0.876898
銘傳大學	企業管理學系企業管理組(臺北校區)	46022	-0.879353
大葉大學	觀光旅遊學系	42362	-0.880905
中華大學	資訊管理學系手機軟體設計組	43212	-0.88174
明道大學	餐旅管理學系	133042	-0.885737
中國文化大學	化學系	17122	-0.894346
長榮大學	醫務管理學系健康資訊服務組	51272	-0.895185
南華大學	企業管理學系經營管理組	59022	-0.895582
國立臺東大學	華語文學系	38072	-0.895675
義守大學	化學工程學系	45072	-0.89586
佛光大學	管理學系(經營管理組)	130232	-0.897854
亞洲大學	行動商務與多媒體應用學系行動商務組	134222	-0.900004
明道大學	休閒保健學系	133052	-0.901943
實踐大學	應用外語學系(臺北校區)	50192	-0.904767
國立臺中教育大學	美術學系	31172	-0.907303
中華大學	工業管理學系	43122	-0.907929
實踐大學	會計學系(臺北校區)	50102	-0.908894
義守大學	數位多媒體設計學系互動媒體設計組	45442	-0.915732
國立東華大學	物理學系奈米與光電科學組	34042	-0.915809
南華大學	傳播學系數位影音設計組	59172	-0.925682
元智大學	應用外語學系	40062	-0.926463
銘傳大學	資訊管理學系巨量資料管理組(桃園校區)	46462	-0.92782
中國文化大學	財務金融學系金融行銷組	17422	-0.928486
義守大學	休閒事業管理學系休閒產業經營組	45272	-0.932115
實踐大學	資訊科技與通訊學系智慧機器人組(高雄校區)	50412	-0.932387
大葉大學	餐旅管理學系	42372	-0.938597
義守大學	會計學系財稅規劃組	45182	-0.938963
國立屏東大學	視覺藝術學系造形藝術組	36312	-0.939221
東吳大學	化學系	5122	-0.93941
實踐大學	應用日文學系日本實習組(高雄校區)	50672	-0.942826
國立嘉義大學	中國文學系	100062	-0.942913
銘傳大學	國際企業學系全球運籌營運組(臺北校區)	46122	-0.943118
義守大學	應用日語學系	45372	-0.943477
大葉大學	傳播藝術學士學位學程	42492	-0.948417
亞洲大學	室內設計學系商業空間組	134512	-0.951767
實踐大學	企業管理學系(臺北校區)	50122	-0.953874
亞洲大學	社會工作學系醫務與長期照顧社工雙專業組	134412	-0.958203
國立嘉義大學	應用歷史學系	100072	-0.961273
世新大學	經濟學系	47202	-0.961592
義守大學	創意商品設計學系文化創意組	45392	-0.966472
亞洲大學	幼兒教育學系文教產業組	134422	-0.975326
亞洲大學	行動商務與多媒體應用學系多媒體應用組	134212	-0.9761
長榮大學	環境與食品安全檢驗學士學位學程食品檢驗組	51472	-0.978748
實踐大學	國際經營與貿易學系(臺北校區)	50112	-0.98147
南華大學	產品與室內設計學系	59242	-0.984171
實踐大學	國際貿易學系貿易行銷組(高雄校區)	50212	-0.987386
大葉大學	環境工程學系	42092	-0.98856
中國文化大學	國際企業管理學系	17372	-0.992158
長榮大學	消防安全學士學位學程消防防災技術組	51492	-0.994823
國立彰化師範大學	運動學系	23262	-0.99546
亞洲大學	幼兒教育學系幼教師資組	134432	-0.997965
靜宜大學	西班牙語文學系-類繁星組	18042	-1.000829
逢甲大學	企業管理學系	15152	-1.00124
國立聯合大學	臺灣語文與傳播學系	151182	-1.002885
銘傳大學	金融科技應用學士學位學程(桃園校區)	46442	-1.005773
實踐大學	行銷管理學系數位行銷與市調組(高雄校區)	50392	-1.006673
世新大學	社會心理學系	47222	-1.007093
銘傳大學	廣告暨策略行銷學系(臺北校區)	46152	-1.010232
義守大學	物理治療學系	45522	-1.013596
義守大學	財務金融管理學系金融管理組	45172	-1.017718
中國文化大學	廣告學系	17462	-1.018897
亞洲大學	財務金融學系投資理財組	134342	-1.0191
靜宜大學	國際企業學系-類繁星組	18342	-1.020332
逢甲大學	合作經濟暨社會事業經營學系	15112	-1.022323
逢甲大學	中國文學系	15212	-1.025747
真理大學	應用日語學系	79072	-1.026999
亞洲大學	經營管理學系企業創新管理組	134272	-1.029458
中華大學	生物資訊學系生醫大數據組	43102	-1.030322
真理大學	理財與稅務規劃學系	79212	-1.030677
義守大學	電影與電視學系編導製片組	45412	-1.030884
國立臺南大學	體育學系	33252	-1.034997
大葉大學	資訊管理學系(數位經營組)	42152	-1.03548
國立聯合大學	華語文學系	151192	-1.041848
實踐大學	應用中文學系文創設計組(高雄校區)	50612	-1.043349
大葉大學	機械與自動化工程學系(微機電與精密機械組)	42022	-1.046057
大葉大學	資訊工程學系(資訊應用組)	42082	-1.047823
長榮大學	媒體設計科技學系A組	51782	-1.04797
真理大學	財務金融學系	79182	-1.048761
大葉大學	醫療器材設計與材料學士學位學程	42452	-1.052249
大葉大學	財務金融學系(公司財務組)	42252	-1.055275
大葉大學	視覺傳達設計學系(視覺設計組)	42522	-1.055847
國立金門大學	華語文學系	153112	-1.05663
義守大學	創意商品設計學系生活創意組	45402	-1.059515
中國文化大學	大眾傳播學系	17482	-1.061274
佛光大學	心理學系	130202	-1.061673
世新大學	觀光學系旅遊暨休閒事業管理組	47182	-1.067006
真理大學	運動管理學系	79282	-1.067612
長榮大學	健康心理學系	51312	-1.067637
義守大學	財務金融管理學系財務管理組	45162	-1.071743
長榮大學	航運管理學系產學發展組	51102	-1.072446
中國文化大學	中國文學系文藝創作組	17032	-1.072887
靜宜大學	大眾傳播學系-一般組	18172	-1.077353
實踐大學	行銷管理學系創客企劃組(高雄校區)	50372	-1.077832
中華大學	土木工程學系	43272	-1.078609
真理大學	資訊工程學系數位創意組	79132	-1.080143
中華大學	資訊工程學系資訊應用組	43032	-1.081993
中國文化大學	心理輔導學系	17542	-1.085638
國立嘉義大學	外國語言學系英語教學組	100082	-1.087864
佛光大學	歷史學系(圖像史學與數位人文組)	130172	-1.090409
大葉大學	食品暨應用生物科技學系(食品科學組)	42282	-1.090818
靜宜大學	資料科學暨大數據分析與應用學系-類繁星組	18302	-1.091299
實踐大學	資訊科技與通訊學系人工智慧應用設計組(高雄校區)	50432	-1.094252
明道大學	行銷與物流學系	133032	-1.095109
長榮大學	社會工作學系	51622	-1.095472
銘傳大學	會計學系稅務規劃組(臺北校區)	46052	-1.095838
靜宜大學	資訊管理學系-類繁星組	18432	-1.095884
銘傳大學	經濟與金融學系應用經濟組(桃園校區)	46432	-1.097772
長榮大學	東南亞文化與產業學士學位學程產業與商貿組	51712	-1.104136
義守大學	觀光學系	45282	-1.107504
長榮大學	觀光與餐飲管理學系觀光旅遊組	51192	-1.112608
國立東華大學	音樂學系乙組	34372	-1.114047
真理大學	統計資訊與精算學系大數據實務組	79102	-1.11449
靜宜大學	食品營養學系食品與生物技術組-類繁星組	18262	-1.115915
中國文化大學	經濟學系	17202	-1.1185
實踐大學	觀光管理學系智慧旅遊暨多媒體行銷組(高雄校區)	50562	-1.119185
中國文化大學	韓國語文學系	17062	-1.119548
長榮大學	保健營養學系	51322	-1.121401
南華大學	幼兒教育學系	59102	-1.125645
大葉大學	休閒事業管理學系	42382	-1.128479
南華大學	資訊管理學系資訊管理組	59302	-1.129591
實踐大學	資訊科技與通訊學系App設計組(高雄校區)	50402	-1.134243
國立中正大學	嘉星招生庚組(教)	41362	-1.138378
長榮大學	企業管理學系行銷組	51012	-1.139066
南華大學	企業管理學系行銷與創業組	59032	-1.139872
中華大學	建築與都市計畫學系都市計畫組	43242	-1.140688
銘傳大學	應用英語學系英語教學與文化溝通組(桃園校區)	46232	-1.142628
靜宜大學	資訊工程學系-類繁星組	18462	-1.144016
真理大學	觀光數位知識學系旅遊組	79322	-1.148272
真理大學	人文與資訊學系一般組	79012	-1.150655
銘傳大學	應用中國文學系文教組(桃園校區)	46212	-1.151431
國立東華大學	民族語言與傳播學系	34342	-1.156288
中信金融管理學院	人工智慧學系	113052	-1.157411
慈濟大學	東方語文學系中文組	108132	-1.158343
南華大學	外國語文學系	59122	-1.159478
中華大學	資訊管理學系巨量資料應用組	43222	-1.160761
義守大學	企業管理學系	45152	-1.165314
真理大學	會計資訊學系	79172	-1.171375
義守大學	公共政策與管理學系	45212	-1.174235
長榮大學	美術學系應用藝術組	51812	-1.181129
亞洲大學	經營管理學系行銷管理組	134282	-1.185466
中華大學	餐旅管理學系	43342	-1.189281
大葉大學	藥用植物與保健學系(中藥保健組)	42342	-1.190709
中國文化大學	運動與健康促進學系	17602	-1.193385
真理大學	宗教文化與資訊管理學系-實務組	79052	-1.200003
實踐大學	資訊科技與通訊學系無人機應用設計組(高雄校區)	50422	-1.201356
長榮大學	資訊暨設計學院學士班	51762	-1.201664
銘傳大學	應用英語學系英語商務與觀光組(桃園校區)	46242	-1.20248
長榮大學	創新應用管理學系企業創新組	51172	-1.202856
長榮大學	社會工作學系高齡福利服務組	51642	-1.203096
真理大學	法律學系	79162	-1.204741
真理大學	資訊管理學系創新實務組	79262	-1.206727
稻江科技暨管理學院	動畫遊戲設計學系	132032	-1.210045
長榮大學	應用哲學系公共參與組	51692	-1.210403
中國文化大學	政治學系	17192	-1.211207
佛光大學	社會學暨社會工作學系	130192	-1.212318
中華大學	運輸科技與物流管理學系	43172	-1.215736
國立臺中教育大學	英語學系	31072	-1.21792
玄奘大學	餐旅管理學系	65122	-1.21923
國立屏東大學	中國語文學系	36062	-1.221104
義守大學	應用英語學系	45362	-1.221992
實踐大學	觀光管理學系海外觀光實務組(英文組)(高雄校區)	50542	-1.228265
真理大學	觀光事業學系	79302	-1.231988
銘傳大學	風險管理與保險學系風險管理組(臺北校區)	46092	-1.23477
國立屏東大學	特殊教育學系	36042	-1.235241
銘傳大學	企業管理學系數位經營組(臺北校區)	46032	-1.237111
真理大學	資訊工程學系	79112	-1.239379
中信金融管理學院	財務金融學系	113012	-1.249535
長榮大學	生物科技學系生物檢測組	51292	-1.251554
實踐大學	應用英語學系國際商務組(高雄校區)	50502	-1.252802
中山醫學大學	醫療產業科技管理學系	26212	-1.256763
中國文化大學	行政管理學系	17232	-1.262215
國立屏東大學	科普傳播學系	36252	-1.272488
亞洲大學	財經法律學系科技法律組	134362	-1.277666
大葉大學	空間設計學系室內設計組	42552	-1.279011
大葉大學	生物資源學系(醫藥微生物組)	42332	-1.288762
長榮大學	國際企業學系商務管理組	51062	-1.292005
實踐大學	金融管理學系財務工程組(高雄校區)	50322	-1.293302
大葉大學	生物資源學系(生態經營與生物多樣性組)	42322	-1.293708
中國文化大學	法國語文學系	17092	-1.294998
國立聯合大學	能源工程學系	151062	-1.301726
世新大學	企業管理學系	47212	-1.30238
明道大學	財務金融學系	133022	-1.302742
中國文化大學	勞動暨人力資源學系	17212	-1.304728
實踐大學	國際企業管理學系東南亞商務組(高雄校區)	50332	-1.315414
長榮大學	台灣文化創意產業學士學位學程	51832	-1.317567
國立屏東大學	電腦與智慧型機器人學士學位學程	36262	-1.317702
中國文化大學	美術學系	17582	-1.317844
長榮大學	東南亞文化與產業學士學位學程文化與觀光組	51702	-1.318391
實踐大學	會計暨稅務學系企業治理組(高雄校區)	50242	-1.321251
中華大學	機械工程學系智慧機械組	43072	-1.327339
大葉大學	應用日語學系	42272	-1.336767
中華大學	資訊管理學系資訊系統設計與智慧製造組	43192	-1.340928
中國文化大學	中國文學系中國文學組	17022	-1.350541
中信金融管理學院	金融管理學院學士班	113042	-1.352831
國立東華大學	法律學系	34282	-1.356131
中華大學	資訊管理學系資訊管理應用組	43202	-1.359389
長榮大學	環境與食品安全檢驗學士學位學程環境檢驗組	51462	-1.362646
國立屏東大學	電腦與通訊學系	36272	-1.366597
亞洲大學	外國語文學系語文應用組	134392	-1.367459
淡江大學	資訊工程學系(APCS組)	14592	-1.369589
長榮大學	大眾傳播學系A組	51552	-1.371633
大葉大學	企業管理學系(數位行銷組)	42142	-1.3774
玄奘大學	藝術與創意設計學系	65092	-1.377721
玄奘大學	時尚設計學系	65102	-1.378604
亞洲大學	護理學系國際護理組	134102	-1.387176
國立嘉義大學	教育學系	100012	-1.393487
南華大學	財務金融學系	59012	-1.393626
中華大學	應用日語學系觀光組	43322	-1.397245
實踐大學	資訊模擬與設計學系電腦動畫設計組(高雄校區)	50442	-1.399897
中華大學	工業產品設計學系創意生活設計組	43292	-1.402689
國立臺中教育大學	體育學系運動專長組	31182	-1.403422
實踐大學	金融管理學系金融實務組(高雄校區)	50302	-1.410324
長榮大學	會計資訊學系稅務應用組	51082	-1.428445
長榮大學	應用日語學系語文溝通組	51652	-1.440273
靜宜大學	社會工作與兒童少年福利學系-類繁星組	18102	-1.44469
義守大學	生物科技學系食品生技組	45472	-1.445166
長榮大學	消防安全學士學位學程消防實務管理組	51502	-1.45131
長榮大學	書畫藝術學系	51822	-1.453401
靜宜大學	寰宇外語教育學士學位學程-類繁星組	18532	-1.461039
中國文化大學	日本語文學系	17052	-1.471488
中國文化大學	哲學系	17012	-1.471494
長榮大學	財務金融學系金融理財組	51152	-1.473958
真理大學	資訊工程學系互動多媒體組	79142	-1.47653
長榮大學	翻譯學系文化與觀光組	51602	-1.481495
長榮大學	生物科技學系生物醫學組	51302	-1.485357
長榮大學	翻譯學系經貿翻譯組	51592	-1.486523
中華大學	資訊工程學系人工智慧組	43042	-1.498462
國立屏東大學	休閒事業經營學系	36152	-1.503154
亞洲大學	外國語文學系語文專業組	134382	-1.50981
義守大學	營養學系食品營養組	45492	-1.514862
國立嘉義大學	外國語言學系應用外語組	100092	-1.515824
銘傳大學	公共事務學系(桃園校區)	46382	-1.52017
實踐大學	資訊模擬與設計學系遊戲美術設計組(高雄校區)	50702	-1.540882
中華大學	工業產品設計學系工業設計組	43282	-1.543001
中華大學	財務管理學系財務金融管理組	43152	-1.544198
靜宜大學	財務工程學系-類繁星組	18202	-1.546317
義守大學	數位多媒體設計學系數位動畫設計組	45432	-1.54878
亞洲大學	休閒與遊憩管理學系餐旅事業管理組	134302	-1.556181
長榮大學	職業安全與衛生學系職場健康促進管理組	51412	-1.557382
靜宜大學	化菻~科學系-類繁星組	18282	-1.561463
靜宜大學	企業管理學系-類繁星組	18322	-1.578431
長榮大學	財務金融學系	51132	-1.582155
中華大學	觀光與會展活動學系	43362	-1.591031
長榮大學	醫藥科學產業學系藥物科技組	51362	-1.595279
南華大學	傳播學系影劇表演藝術組	59182	-1.599762
稻江科技暨管理學院	表演藝術學士學位學程	132022	-1.609779
大葉大學	運動健康管理學系(運動治療組)	42432	-1.626676
長榮大學	大眾傳播學系B組	51562	-1.629997
實踐大學	休閒產業管理學系遊憩運動企劃組(高雄校區)	50582	-1.630289
長榮大學	大眾傳播學系C組	51572	-1.632964
長榮大學	醫務管理學系醫院經營管理組	51252	-1.635744
真理大學	觀光數位知識學系一般組	79312	-1.638357
長榮大學	醫學社會暨健康照護學士學位學程社會工作組	51382	-1.641388
大葉大學	英語學系	42262	-1.64472
靜宜大學	台灣文學系-類繁星組	18122	-1.65165
真理大學	企業管理學系	79242	-1.651893
國立屏東大學	會計學系	36202	-1.663959
真理大學	國際貿易學系	79192	-1.668483
長榮大學	應用日語學系經濟貿易組	51672	-1.67937
國立屏東大學	國際貿易學系	36182	-1.681938
實踐大學	應用英語學系(高雄校區)	50482	-1.683849
靜宜大學	觀光事業學系-類繁星組	18382	-1.703851
國立屏東大學	應用日語學系	36112	-1.706307
長榮大學	企業管理學系產學合作組	51032	-1.706478
真理大學	資訊工程學系大數據應用組	79152	-1.707963
真理大學	資訊工程學系科技應用組	79122	-1.708497
南華大學	視覺藝術與設計學系	59202	-1.709899
實踐大學	資訊管理學系物聯網應用組(高雄校區)	50282	-1.710708
實踐大學	應用日文學系商務組(高雄校區)	50652	-1.721539
中華大學	生物資訊學系基因科技組	43112	-1.732811
佛光大學	管理學系(休閒事業管理組)	130252	-1.735224
台灣首府大學	幼兒教育學系(師資培育學系)	111072	-1.753972
稻江科技暨管理學院	社會工作學系	132052	-1.767251
長榮大學	綠能與環境資源學系綠能環境科技組	51532	-1.77036
靜宜大學	財務金融學系-類繁星組	18402	-1.771236
長榮大學	觀光與餐飲管理學系餐飲技術組	51202	-1.77162
台灣首府大學	餐旅管理學系	111012	-1.778986
長榮大學	財務金融學系投資資訊組	51142	-1.784942
中國文化大學	英國語文學系	17082	-1.792272
中華大學	企業管理學系	43132	-1.802086
玄奘大學	視覺傳達設計學系廣告設計組	65072	-1.808521
靜宜大學	法律學系-類繁星組	18142	-1.809311
中華大學	財務管理學系會計資訊與稅務組	43162	-1.825157
國立屏東大學	財務金融學系	36192	-1.828303
實踐大學	會計暨稅務學系財富管理組(高雄校區)	50252	-1.829522
實踐大學	觀光管理學系國際飯店暨會展管理組(高雄校區)	50552	-1.831948
國立屏東大學	資訊管理學系	36292	-1.837447
長榮大學	社會工作學系兒少家庭服務組	51632	-1.843206
真理大學	統計資訊與精算學系統計與精算組	79092	-1.844717
實踐大學	金融管理學系數位金融組(高雄校區)	50292	-1.853427
真理大學	台灣文學系	79082	-1.918577
實踐大學	國際貿易學系東亞經貿組(高雄校區)	50222	-1.924304
長榮大學	醫藥科學產業學系醫藥產業組	51342	-1.924465
國立屏東大學	企業管理學系	36172	-1.93808
實踐大學	資訊管理學系行動商務設計組(高雄校區)	50262	-1.941825
實踐大學	觀光管理學系海外觀光實務組(日文組)(高雄校區)	50532	-1.947444
中信金融管理學院	企業管理學系	113032	-1.962893
實踐大學	服飾設計與經營學系美術組(高雄校區)	50712	-1.970649
靜宜大學	英國語文學系-類繁星組	18022	-1.975468
國立屏東大學	不動產經營學系	36162	-1.978293
明道大學	應用日語學系	133152	-1.99475
長榮大學	國際企業學系貿易物流組	51052	-2.002913
長榮大學	財務金融學系產業實習組	51162	-2.009316
中信金融管理學院	財經法律學系	113022	-2.015694
實踐大學	觀光管理學系航空旅運組(高雄校區)	50522	-2.018594
實踐大學	應用日文學系(高雄校區)	50642	-2.01984
國立臺南大學	視覺藝術與設計學系	33242	-2.034292
長榮大學	應用哲學系社會關懷組	51682	-2.042623
明道大學	企業管理學系	133012	-2.043709
實踐大學	資訊管理學系數位金融組(高雄校區)	50272	-2.0534
長榮大學	國際企業學系跨境行銷組	51042	-2.070048
實踐大學	休閒產業管理學系休閒文創規劃組(高雄校區)	50572	-2.107093
中華大學	科技管理學系	43182	-2.119928
國立屏東大學	應用英語學系	36102	-2.169331
實踐大學	國際貿易學系兩岸經貿組(高雄校區)	50202	-2.177642
實踐大學	應用中文學系文化傳播組(高雄校區)	50632	-2.201618
長榮大學	觀光與餐飲管理學系餐飲管理組	51212	-2.207422
真理大學	人文與資訊學系數位應用組	79032	-2.209289
長榮大學	企業管理學系數位經營組	51022	-2.243385
實踐大學	應用日文學系翻譯組(高雄校區)	50662	-2.276135
實踐大學	電腦動畫學士學位學程視覺特效組(高雄校區)	50732	-2.305602
南華大學	傳播學系廣告公關新聞組	59162	-2.317378
實踐大學	電腦動畫學士學位學程角色動畫組(高雄校區)	50722	-2.326867
中華大學	財務管理學系金融資訊管理組	43142	-2.329465
國立屏東大學	行銷與流通管理學系	36142	-2.33538
國立臺中教育大學	區域與社會發展學系	31052	-2.394724
實踐大學	國際企業管理學系德國經貿商務組(高雄校區)	50362	-2.44193
國立屏東大學	商業自動化與管理學系	36132	-2.469667
長榮大學	媒體設計科技學系B組	51792	-2.532627
大葉大學	國際企業管理學系(國際貿易組)	42212	-2.570491
實踐大學	休閒產業管理學系精品咖啡烘焙經營組(高雄校區)	50592	-2.626644
中華大學	機械工程學系航空技術組	43082	-2.66504
實踐大學	國際企業管理學系兩岸工商管理組(高雄校區)	50352	-2.732763
真理大學	人文與資訊學系文化行銷組	79022	-2.880738
實踐大學	國際企業管理學系日韓商務組(高雄校區)	50342	-2.92466
