school_name,department_name,department_id,score
國立臺灣大學,醫學系,1222,9.287659
國立成功大學,醫學系,4292,7.693299
國立陽明大學,醫學系B組,25022,6.798569
國立陽明大學,醫學系A組,25012,6.682796
國立臺灣大學,電機工程學系,1532,6.305146
國立臺灣大學,資訊工程學系,1542,6.030943
臺北醫學大學,牙醫學系,109022,5.780269
臺北醫學大學,醫學系,109012,5.605135
國立陽明大學,牙醫學系,25072,5.571041
高雄醫學大學,牙醫學系,7042,5.535574
國立臺灣大學,牙醫學系,1232,5.521704
國立臺灣大學,化學系,1112,5.345175
國立臺灣大學,財務金融學系,1492,5.257994
國立臺灣大學,物理學系,1102,5.25476
國立臺灣大學,化學工程學系,1312,5.093439
長庚大學,醫學系,30012,5.06339
國立臺灣大學,材料科學與工程學系,1332,4.940562
國立臺灣大學,機械工程學系,1302,4.904029
國立臺灣大學,土木工程學系,1292,4.870555
國立臺灣大學,數學系,1092,4.863244
國立交通大學,電機資訊學士班,13012,4.838271
長庚大學,中醫學系,30022,4.794825
馬偕醫學院,醫學系,152012,4.73675
國立臺灣大學,獸醫學系,1412,4.727883
國立臺灣大學,藥學系,1242,4.726199
高雄醫學大學,醫學系,7012,4.719386
中國醫藥大學,中醫學系甲組,12032,4.689579
國立臺灣大學,工程科學及海洋工程學系,1322,4.687596
國立臺灣大學,國際企業學系,1502,4.678882
國立臺灣大學,法律學系財經法學組,1572,4.637232
國立臺灣大學,資訊管理學系,1512,4.599475
國立成功大學,建築學系,4412,4.437337
國立臺灣大學,生化科技學系,1592,4.310828
國立臺灣大學,政治學系政治理論組,1162,4.183692
國立清華大學,不分系招生戊組(創新設計組),11342,4.139742
國立臺灣大學,會計學系,1482,4.099438
國立交通大學,電子工程學系(甲組),13032,3.98637
國立臺灣大學,大氣科學系,1152,3.923337
輔仁大學,醫學系,20132,3.914282
國立臺灣大學,經濟學系,1192,3.906705
國立臺灣大學,生命科學系,1582,3.874728
國立臺灣大學,生物環境系統工程學系,1352,3.83383
國立臺灣大學,物理治療學系,1272,3.816067
臺北醫學大學,藥學系臨床藥學組,109042,3.810021
國立政治大學,不分系招生(政星組),6382,3.727043
國立臺灣大學,日本語文學系,1072,3.713623
國立臺灣大學,法律學系司法組,1562,3.701255
國立交通大學,電子工程學系(乙組),13042,3.674564
國立臺灣大學,公共衛生學系,1522,3.652888
國立臺灣大學,工商管理學系科技管理組,1472,3.652201
國立臺灣大學,農業化學系,1362,3.635949
國立成功大學,工業設計學系,4432,3.633778
國立臺灣大學,政治學系國際關係組,1172,3.621002
國立清華大學,物理學系物理組,11092,3.567082
國立臺灣師範大學,美術學系西畫組,2402,3.547569
國立臺灣大學,護理學系,1262,3.534392
國立臺灣大學,農業經濟學系,1392,3.462131
國立交通大學,旋坤揚帆招生甲組(電機資訊),13302,3.457941
國立清華大學,電機工程學系甲組,11222,3.440721
國立交通大學,資訊工程學系網路與多媒體工程組,13102,3.422073
中國醫藥大學,醫學系,12022,3.420536
國立成功大學,藥學系,4342,3.372466
國立臺灣大學,外國語文學系,1022,3.363872
國立清華大學,材料科學工程學系,11192,3.358226
國立清華大學,電機工程學系乙組,11232,3.352264
國立中興大學,獸醫學系,3372,3.340339
中山醫學大學,牙醫學系,26022,3.339156
國立臺灣大學,法律學系法學組,1552,3.335895
臺北醫學大學,藥學系藥學組,109032,3.327342
國立交通大學,電機工程學系(乙組),13062,3.31406
國立臺灣大學,植物病理與微生物學系,1452,3.313021
國立清華大學,動力機械工程學系,11182,3.305169
國立臺灣大學,社會學系,1202,3.300702
國立中央大學,生醫科學與工程學系,16252,3.28087
國立臺灣大學,政治學系公共行政組,1182,3.280375
國立臺灣大學,歷史學系,1032,3.268089
國立臺北大學,法律學系法學組,99012,3.266017
國立交通大學,資訊工程學系資訊工程組,13092,3.260204
逢甲大學,建築學系,15302,3.25212
國立交通大學,電機工程學系(甲組),13052,3.242635
國立政治大學,財務管理學系,6222,3.213145
國立臺灣師範大學,公民教育與活動領導學系乙組(公費生),2112,3.206225
國立臺灣大學,圖書資訊學系,1062,3.195065
國立清華大學,不分系招生甲組(音樂),11302,3.168997
實踐大學,服裝設計學系(臺北校區),50052,3.159003
中國醫藥大學,牙醫學系,12012,3.158119
實踐大學,工業產品設計學系(臺北校區),50062,3.152791
國立政治大學,英國語文學系,6252,3.146461
國立交通大學,資訊工程學系資電工程組,13082,3.122095
國立清華大學,化學系,11112,3.119853
國立清華大學,理學院學士班,11122,3.114086
國立臺灣大學,生物產業機電工程學系,1432,3.10407
東海大學,建築學系,9412,3.055105
國立臺灣大學,動物科學技術學系,1382,3.035733
國立臺灣大學,職能治療學系,1282,3.023203
國立臺灣大學,戲劇學系,1082,2.982393
國立成功大學,電機工程學系,4392,2.962951
國立清華大學,不分系招生乙組(體育),11312,2.952912
國立政治大學,歐洲語文學系法文組,6312,2.951513
中國醫藥大學,中醫學系乙組,12042,2.926779
中山醫學大學,醫學系,26012,2.883833
國立東華大學,資訊工程學系學士班國際組,34082,2.880973
國立臺灣師範大學,體育學系,2422,2.880244
國立政治大學,歐洲語文學系德文組,6322,2.860359
國立臺灣大學,生物產業傳播暨發展學系,1422,2.854243
國立政治大學,企業管理學系,6202,2.825118
國立政治大學,財政學系,6082,2.818108
國立臺灣藝術大學,古蹟藝術修護學系,56222,2.803683
國立清華大學,電機資訊學院學士班,11262,2.780967
國立臺灣大學,農藝學系,1342,2.777608
國立清華大學,不分系招生丁組(旭日組),11332,2.746554
國立成功大學,材料科學及工程學系,4132,2.743907
國立臺灣大學,哲學系,1042,2.737227
國立陽明大學,護理學系,25082,2.729626
國立政治大學,外交學系,6152,2.714677
國立臺灣師範大學,設計學系平面與媒體設計組,2392,2.708912
國立交通大學,奈米科學及工程學士學位學程,13022,2.69878
國立清華大學,數學系應用數學組,11082,2.683452
國立臺灣大學,地質科學系,1122,2.682295
國立臺灣大學,工商管理學系企業管理組,1462,2.669604
國立成功大學,政治學系,4352,2.660353
國立陽明大學,學士班大一大二不分系,25102,2.653497
國立成功大學,能源國際學士學位學程,4232,2.651771
國立臺灣大學,地理環境資源學系,1142,2.647321
國立臺灣大學,昆蟲學系,1442,2.634718
國立成功大學,都市計劃學系,4422,2.628105
國立成功大學,航空太空工程學系,4192,2.62572
國立臺灣大學,森林環境暨資源學系,1372,2.610092
國立政治大學,歷史學系,6022,2.609885
國立清華大學,資訊工程學系乙組(資訊工程組),11252,2.60058
國立清華大學,不分系招生丙組(美術),11322,2.590902
國立清華大學,科技管理學院學士班,11052,2.58547
國立政治大學,會計學系,6182,2.573968
國立臺灣大學,園藝暨景觀學系,1402,2.564752
國立交通大學,理學院科學學士學位學程(乙組),13142,2.535121
國立政治大學,法律學系,6342,2.533584
國立臺北教育大學,語文與創作學系語文師資組(公費生),32192,2.510051
國立臺灣師範大學,體育學系(公費生),2432,2.494208
國立臺灣師範大學,人類發展與家庭學系營養科學與教育組,2082,2.486936
國立政治大學,國際經營與貿易學系,6162,2.479193
國立清華大學,中國文學系,11012,2.444996
國立政治大學,傳播學院大一大二不分系,6242,2.435744
長庚大學,職能治療學系,30072,2.425967
東吳大學,法律學系,5162,2.405447
國立彰化師範大學,數學系(公費生),23202,2.405146
國立政治大學,斯拉夫語文學系,6272,2.378242
實踐大學,媒體傳達設計學系數位3D動畫設計組(臺北校區),50072,2.377084
國立清華大學,經濟學系,11042,2.374634
國立政治大學,統計學系,6192,2.372748
高雄醫學大學,藥學系,7062,2.370458
國立成功大學,化學工程學系,4122,2.363611
國立清華大學,計量財務金融學系,11062,2.351871
國立臺灣師範大學,特殊教育學系,2122,2.351278
國立成功大學,外國語文學系,4022,2.334846
國立政治大學,地政學系土地管理組,6112,2.331771
國立清華大學,化學工程學系,11172,2.328715
國立中興大學,森林學系林學組,3272,2.317449
國立嘉義大學,教育學系乙組(公費生),100402,2.311
國立交通大學,理學院科學學士學位學程(丁組，科學人才不分系),13162,2.308925
國立清華大學,工學院學士班,11212,2.30806
國立成功大學,護理學系,4312,2.301663
國立臺灣師範大學,東亞學系漢學與文化組,2332,2.297033
國立清華大學,生命科學系,11272,2.294608
國立嘉義大學,獸醫學系,100212,2.273792
國立中興大學,國際農企業學士學位學程,3352,2.271511
國立臺灣大學,中國文學系,1012,2.256278
臺北醫學大學,保健營養學系,109072,2.240522
國立交通大學,運輸與物流管理學系,13252,2.236626
國立清華大學,生命科學院學士班,11292,2.232991
國立政治大學,哲學系,6032,2.212194
國立臺灣師範大學,地理學系,2192,2.208834
國立新竹教育大學,教育與學習科技學系(公費生),37102,2.207723
國立臺灣大學,人類學系,1052,2.203323
國立成功大學,職能治療學系,4322,2.20173
國立清華大學,數學系數學組,11072,2.193347
國立成功大學,會計學系,4282,2.182486
國立成功大學,工程科學系,4172,2.181643
國立中興大學,動物科學系,3312,2.178548
國立陽明大學,生物醫學工程學系,25092,2.177753
國立政治大學,風險管理與保險學系,6232,2.175835
國立臺灣師範大學,特殊教育學系甲組(公費生),2132,2.172874
實踐大學,媒體傳達設計學系創新媒體設計組(臺北校區),50082,2.168409
國立政治大學,韓國語文學系,6292,2.157474
國立成功大學,數學系,4052,2.152522
慈濟大學,醫學系,108012,2.150672
國立臺灣大學,社會工作學系,1212,2.145809
國立臺灣師範大學,英語學系,2172,2.137862
國立清華大學,外國語文學系,11022,2.135605
國立成功大學,大一全校不分系學士學位學程,4462,2.130268
臺北醫學大學,醫學檢驗暨生物技術學系,109052,2.128873
國立臺北大學,法律學系司法組,99022,2.106497
國立政治大學,土耳其語文學系,6302,2.102017
國立政治大學,阿拉伯語文學系,6262,2.096481
國立中央大學,資訊工程學系,16182,2.093202
國立臺北大學,休閒運動管理學系,99082,2.091569
國立陽明大學,物理治療暨輔助科技學系,25052,2.087858
國立交通大學,光電工程學系,13072,2.081978
國立政治大學,心理學系,6362,2.081654
國立成功大學,機械工程學系,4112,2.074343
國立中央大學,資訊管理學系,16142,2.071018
國立清華大學,物理學系光電物理組,11102,2.069558
國立成功大學,水利及海洋工程學系,4162,2.0665
國立政治大學,歐洲語文學系西班牙文組,6332,2.064835
國立臺灣藝術大學,工藝設計學系,56242,2.062469
國立交通大學,機械工程學系,13122,2.033924
國立臺灣師範大學,設計學系產品與室內設計組,2362,2.032256
國立成功大學,環境工程學系,4202,2.032162
國立臺灣師範大學,圖文傳播學系,2292,2.03051
國立中正大學,勞工關係學系,41122,2.013583
國立清華大學,醫學科學系,11282,2.010133
國立成功大學,醫學檢驗生物技術學系,4302,2.006359
國立清華大學,人文社會學院學士班,11032,1.996684
中山醫學大學,語言治療與聽力學系語言治療組,26052,1.994023
國立清華大學,資訊工程學系甲組(電子資訊組),11242,1.992402
國立臺灣師範大學,教育心理與輔導學系,2022,1.990561
國立清華大學,工程與系統科學系甲組,11142,1.989993
國立清華大學,工業工程與工程管理學系,11202,1.988786
國立交通大學,傳播與科技學系,13282,1.986571
國立政治大學,金融學系,6172,1.986322
國立交通大學,生物科技學系,13212,1.986126
國立中興大學,園藝學系,3262,1.984827
國立政治大學,日本語文學系,6282,1.979835
中原大學,建築學系,8292,1.979622
國立陽明大學,醫學生物技術暨檢驗學系,25032,1.977442
淡江大學,建築學系,14352,1.975152
國立臺灣師範大學,人類發展與家庭學系幼兒發展與教育組,2072,1.971132
國立陽明大學,不分系招生(璞玉組),25112,1.962267
國立臺北大學,不動產與城鄉環境學系,99112,1.960192
國立成功大學,系統及船舶機電工程學系,4182,1.956593
國立中央大學,數學系,16042,1.943671
國立臺灣大學,心理學系,1132,1.940622
國立清華大學,不分系招生己組,11352,1.933874
國立臺北教育大學,心理與諮商學系甲組(公費生),32172,1.929882
國立中央大學,大氣科學學系太空組,16212,1.926224
國立臺北大學,歷史學系,99172,1.921645
國立臺灣師範大學,國文學系,2162,1.916083
中國醫藥大學,藥學系,12052,1.915764
馬偕醫學院,聽力暨語言治療學系,152032,1.91552
國立臺灣師範大學,應用華語文學系,2322,1.908295
國立臺灣師範大學,健康促進與衛生教育學系(公費生),2052,1.904038
國立臺北大學,法律學系財經法組,99032,1.904004
國立臺灣藝術大學,視覺傳達設計學系,56232,1.9021
國立彰化師範大學,國文學系(公費生),23242,1.882617
國立臺灣藝術大學,多媒體動畫藝術學系,56252,1.87579
國立新竹教育大學,應用數學系(公費生),37122,1.87318
國立成功大學,物理治療學系,4332,1.87044
國立交通大學,資訊管理與財務金融學系資訊管理組,13222,1.869627
國立臺灣師範大學,科技應用與人力資源發展學系,2282,1.847119
國立臺北藝術大學,新媒體藝術學系,28012,1.844327
國立成功大學,中國文學系,4012,1.840792
國立高雄師範大學,體育學系,22202,1.831484
國立清華大學,生醫工程與環境科學系,11132,1.824885
國立體育大學,運動保健學系,39012,1.823332
中原大學,室內設計學系,8302,1.814585
國立臺灣藝術大學,美術學系,56192,1.813188
國立中興大學,景觀與遊憩學士學位學程,3342,1.80161
國立交通大學,理學院科學學士學位學程(丙組),13152,1.800641
國立中央大學,不分系招生(向日葵乙組),16272,1.793549
國立政治大學,民族學系,6142,1.790526
國立政治大學,地政學系土地資源規劃組,6102,1.783424
臺北醫學大學,牙體技術學系,109122,1.782057
國立陽明大學,生物醫學影像暨放射科學系,25042,1.776993
東海大學,工業設計學系,9422,1.775468
國立政治大學,應用數學系,6352,1.774645
輔仁大學,音樂學系應用音樂組,20522,1.770263
國立彰化師範大學,化學系(公費生),23222,1.764345
國立中山大學,財務管理學系,27152,1.761479
國立臺灣藝術大學,電影學系,56032,1.752116
長庚大學,醫學生物技術暨檢驗學系,30042,1.752091
國立中央大學,電機工程學系,16172,1.751431
國立臺灣師範大學,美術學系國畫組,2412,1.74376
國立臺北教育大學,藝術與造形設計學系藝術組,32212,1.740619
國立中正大學,社會福利學系,41102,1.739228
輔仁大學,英國語文學系,20272,1.738939
國立臺灣藝術大學,書畫藝術學系,56202,1.738498
國立成功大學,統計學系,4272,1.737722
國立成功大學,資訊工程學系,4402,1.730624
亞洲大學,心理學系心理師研修組,134072,1.729331
長榮大學,護理學系(公費生),51152,1.71831
國立臺北教育大學,文化創意產業經營學系,32102,1.705662
國立成功大學,生命科學系,4442,1.699169
國立成功大學,工業與資訊管理學系,4242,1.698315
國立成功大學,土木工程學系,4152,1.697313
國立交通大學,管理科學系,13242,1.686975
實踐大學,建築設計學系(臺北校區),50092,1.683711
國立政治大學,地政學系土地測量與資訊組,6122,1.680846
淡江大學,外交與國際關係學系全英語學士班,14272,1.676982
國立政治大學,資訊科學系,6372,1.676861
國立中山大學,海洋環境及工程學系,27162,1.671616
國立臺灣師範大學,社會教育學系,2032,1.669148
國立交通大學,資訊管理與財務金融學系財務金融組,13232,1.664393
國立成功大學,生物醫學工程學系,4222,1.656508
國立交通大學,人文社會學系,13292,1.655943
國立成功大學,交通管理科學系,4252,1.655598
國立高雄師範大學,國文學系,22162,1.641976
國立中正大學,犯罪防治學系,41292,1.641181
國立成功大學,地球科學系,4092,1.639863
國立彰化師範大學,輔導與諮商學系社區輔導與諮商組,23022,1.636124
國立新竹教育大學,藝術與設計學系創作組(公費生),37172,1.631075
國立臺灣藝術大學,廣播電視學系,56022,1.617412
國立臺灣師範大學,數學系,2212,1.607747
長庚大學,電機工程學系系統與晶片設計組,30102,1.605174
國立臺灣師範大學,化學系,2242,1.599929
國立政治大學,政治學系,6062,1.580889
國立交通大學,電子物理學系電子物理組,13182,1.576928
國立嘉義大學,幼兒教育學系(公費生),100382,1.570005
長庚大學,物理治療學系,30062,1.568113
國立政治大學,中國文學系,6012,1.562162
國立交通大學,應用數學系,13202,1.562097
國立交通大學,電子物理學系光電與奈米科學組,13172,1.558276
國立清華大學,原子科學院學士班,11162,1.557091
國立中央大學,物理學系,16052,1.556051
東吳大學,會計學系,5182,1.547216
國立臺灣師範大學,資訊工程學系,2272,1.546842
國立中正大學,化學暨生物化學系,41082,1.5453
國立成功大學,經濟學系,4362,1.540749
國立交通大學,旋坤揚帆招生丙組(理學生科),13322,1.528892
國立政治大學,經濟學系,6132,1.52446
輔仁大學,廣告傳播學系,20072,1.522248
國立中正大學,成人及繼續教育學系,41282,1.518346
國立中興大學,行銷學系,3082,1.516505
國立彰化師範大學,物理學系光電組,23092,1.510748
國立中正大學,財經法律學系,41272,1.504251
國立中正大學,財務金融學系,41212,1.502839
國立暨南國際大學,中國語文學系(公費生),58022,1.502744
臺北醫學大學,公共衛生學系,109082,1.499596
臺北醫學大學,呼吸治療學系,109102,1.477492
國立中央大學,通訊工程學系,16192,1.47476
國立中正大學,政治學系,41132,1.46754
東吳大學,日本語文學系,5082,1.454263
國立成功大學,法律學系,4372,1.449851
國立臺灣海洋大學,航運管理學系,21022,1.448949
國立中興大學,資訊管理學系,3062,1.443326
國立清華大學,工程與系統科學系乙組,11152,1.43941
國立東華大學,會計學系,34132,1.439295
國立臺北大學,會計學系,99062,1.438479
中原大學,商業設計學系,8312,1.435248
國立成功大學,台灣文學系,4042,1.432793
國立臺南大學,幼兒教育學系(公費生),33202,1.432126
國立政治大學,資訊管理學系,6212,1.4296
國立臺灣師範大學,地球科學系,2262,1.427235
國立成功大學,資源工程學系,4142,1.42634
玄奘大學,大眾傳播學系-特色組,65092,1.419235
國立成功大學,物理學系物理組,4062,1.415646
國立成功大學,生物科技與產業科學系,4452,1.413116
輔仁大學,織品服裝學系織品服飾行銷組,20352,1.412547
國立臺北大學,公共行政暨政策學系,99092,1.404981
國立臺灣師範大學,教育學系,2012,1.403719
國立中興大學,會計學系,3072,1.403522
國立臺北教育大學,資訊科學系,32132,1.401483
國立中正大學,物理學系,41072,1.401427
國立中興大學,水土保持學系,3232,1.401165
國立成功大學,企業管理學系,4262,1.400108
臺北醫學大學,醫務管理學系,109092,1.387133
國立金門大學,護理學系(公費生),153182,1.386361
國立臺北教育大學,數學暨資訊教育學系數學組,32152,1.382399
國立中山大學,海洋科學系,27182,1.378446
國立臺北大學,通訊工程學系,99192,1.3695
國立交通大學,旋坤揚帆招生乙組(工程),13312,1.362455
國立臺灣師範大學,東亞學系政治與經濟組,2342,1.360612
國立臺中教育大學,文化創意產業設計與營運學系,31112,1.35817
國立中山大學,光電工程學系,27112,1.347512
國立中山大學,社會學系,27202,1.345385
國立嘉義大學,教育學系甲組(公費生),100392,1.336312
國立成功大學,心理學系,4382,1.321659
臺北市立大學,地球環境暨生物資源學系,35102,1.31858
國立政治大學,社會學系,6072,1.313924
國立臺北大學,財政學系,99102,1.313085
輔仁大學,金融與國際企業學系,20462,1.311184
國立臺灣師範大學,機電工程學系,2302,1.310926
國立臺中教育大學,體育學系非運動專長組,31182,1.308069
東吳大學,巨量資料管理學院學士學位學程,5232,1.307694
淡江大學,國際企業學系國際商學全英語組,14172,1.302363
國立中央大學,英美語文學系,16022,1.300533
國立中山大學,企業管理學系,27132,1.299111
國立成功大學,歷史學系,4032,1.298911
國立臺北教育大學,特殊教育學系,32042,1.297313
國立臺灣師範大學,電機工程學系,2312,1.297274
國立宜蘭大學,園藝學系,150122,1.294822
中原大學,景觀學系,8322,1.287625
長庚大學,電機工程學系通訊組,30112,1.284976
國立交通大學,應用化學系,13192,1.284921
國立臺北大學,經濟學系,99122,1.28409
銘傳大學,建築學系（桃園校區）,46232,1.283756
國立臺北大學,金融與合作經營學系,99052,1.282817
長庚大學,工業設計學系產品設計組,30192,1.280406
國立中央大學,化學工程與材料工程學系,16122,1.277422
國立臺灣師範大學,人類發展與家庭學系家庭生活教育組,2062,1.274285
輔仁大學,餐旅管理學系,20362,1.267762
國立中山大學,材料與光電科學學系,27122,1.266908
國立成功大學,測量及空間資訊學系,4212,1.261447
高雄醫學大學,職能治療學系,7132,1.261041
國立中央大學,企業管理學系,16132,1.255083
長庚大學,呼吸治療學系,30092,1.252963
國立嘉義大學,園藝學系,100172,1.251785
國立中央大學,光電科學與工程學系,16072,1.248503
國立新竹教育大學,體育學系(公費生),37192,1.248383
大同大學,媒體設計學系數位遊戲設計組,19132,1.24737
國立中央大學,土木工程學系,16082,1.245559
國立中正大學,傳播學系,41142,1.241916
國立臺灣師範大學,物理學系,2222,1.24089
輔仁大學,法律學系,20402,1.240864
國立東華大學,資訊工程學系學士班資工組,34072,1.235653
國立屏東大學,幼兒教育學系(公費生),36032,1.234068
國立政治大學,教育學系,6042,1.230346
國立臺南藝術大學,藝術史學系,63012,1.224992
輔仁大學,臨床心理學系,20142,1.221754
國立中正大學,經濟學系,41202,1.218154
輔仁大學,教育領導與科技發展學士學位學程,20092,1.216641
中山醫學大學,語言治療與聽力學系聽力組,26062,1.21657
國立臺灣藝術大學,雕塑學系,56212,1.21618
國立臺北教育大學,數位科技設計學系,32142,1.215511
輔仁大學,織品服裝學系服飾設計組,20342,1.211578
國立中山大學,外國語文學系,27022,1.209635
國立中央大學,法國語文學系,16032,1.208456
臺北醫學大學,護理學系(公費生),109142,1.201693
國立臺灣師範大學,公民教育與活動領導學系,2092,1.195404
國立成功大學,光電科學與工程學系,4102,1.192112
國立屏東大學,科普傳播學系,36162,1.191135
國立臺北教育大學,語文與創作學系文學創作組,32092,1.187218
臺北市立大學,特殊教育學系,35022,1.186855
高雄醫學大學,呼吸治療學系,7032,1.182718
國立高雄大學,財經法律學系,101072,1.182645
輔仁大學,應用美術學系,20542,1.180081
輔仁大學,護理學系(公費生),20112,1.179998
東吳大學,國際經營與貿易學系,5202,1.177036
臺北醫學大學,護理學系,109062,1.161915
輔仁大學,織品服裝學系織品設計組,20332,1.16147
輔仁大學,新聞傳播學系,20062,1.157808
國立中山大學,電機工程學系,27082,1.153321
高雄醫學大學,香粧品學系,7072,1.152619
國立中山大學,應用數學系,27072,1.150154
國立中興大學,昆蟲學系,3302,1.148039
國立臺灣海洋大學,海洋法政學士學位學程,21202,1.145716
國立臺北大學,社會工作學系,99142,1.141245
高雄醫學大學,心理學系,7122,1.135335
國立臺南藝術大學,材質創作與設計系,63042,1.135151
國立臺北教育大學,兒童英語教育學系,32072,1.128725
國立中山大學,物理學系,27062,1.126545
國立臺灣師範大學,企業管理學系,2352,1.126202
國立彰化師範大學,化學系,23102,1.124802
國立中興大學,食品暨應用生物科技學系,3242,1.124353
國立中山大學,音樂學系創作與應用組,27222,1.119528
國立臺灣師範大學,歷史學系,2182,1.108779
國立中央大學,經濟學系,16152,1.107437
國立交通大學,外國語文學系,13272,1.089512
高雄醫學大學,護理學系,7082,1.088922
大葉大學,護理學系(公費生),42462,1.083227
國立暨南國際大學,國際企業學系,58122,1.080358
長庚大學,生物醫學系,30082,1.075515
東吳大學,政治學系,5042,1.071403
國立高雄大學,應用經濟學系,101082,1.071161
輔仁大學,財經法律學系,20412,1.070782
國立新竹教育大學,藝術與設計學系創作組,37152,1.06857
臺北市立大學,心理與諮商學系,35042,1.06692
國立中央大學,機械工程學系光機電工程組,16092,1.062175
國立臺北大學,統計學系,99072,1.053595
國立中山大學,化學系,27052,1.044871
國立臺北教育大學,社會與區域發展學系,32062,1.044095
輔仁大學,職能治療學系,20152,1.038959
國立暨南國際大學,經濟學系,58132,1.037371
國立中央大學,機械工程學系先進材料與精密製造組,16102,1.036839
國立臺灣海洋大學,光電與材料科技學士學位學程,21212,1.015804
國立中山大學,資訊工程學系,27102,1.014556
國立中興大學,農藝學系,3252,1.005933
東吳大學,資訊管理學系,5222,1.004915
國立高雄大學,亞太工商管理學系工業管理組,101102,1.004629
慈濟大學,護理學系(公費生),108172,1.004382
國立中正大學,歷史學系,41032,1.004182
國立中山大學,劇場藝術學系,27032,1.003372
國立新竹教育大學,藝術與設計學系設計組,37162,0.999009
國立交通大學,土木工程學系,13132,0.997396
國立東華大學,資訊管理學系,34142,0.993938
國立暨南國際大學,觀光休閒與餐旅管理學系餐旅管理組,58172,0.989202
國立中央大學,客家語文暨社會科學學系,16232,0.988209
國立臺灣海洋大學,運輸科學系B組,21062,0.98166
元智大學,管理學院學士班(英語專班),40052,0.980028
國立臺北大學,資訊工程學系,99182,0.977839
輔仁大學,體育學系體育學組,20552,0.975818
國立臺灣藝術大學,戲劇學系,56042,0.971275
國立東華大學,財務金融學系,34162,0.966992
國立中正大學,地球與環境科學系,41062,0.966887
輔仁大學,德語語文學系,20322,0.962238
國立中央大學,大氣科學學系大氣組,16202,0.96198
臺北醫學大學,高齡健康管理學系,109112,0.958024
國立中興大學,應用經濟學系,3102,0.954756
中山醫學大學,物理治療學系,26032,0.950309
中國醫藥大學,營養學系,12092,0.948674
國立彰化師範大學,輔導與諮商學系學校輔導與諮商組,23012,0.944589
國立中山大學,海洋生物科技暨資源學系,27172,0.941075
中國醫藥大學,醫學檢驗生物技術學系,12082,0.939462
國立臺灣海洋大學,電機工程學系,21162,0.937669
國立政治大學,公共行政學系,6092,0.933775
世新大學,廣播電視電影學系電視組,47032,0.931374
輔仁大學,呼吸治療學系,20162,0.929284
國立臺灣師範大學,健康促進與衛生教育學系,2042,0.925769
高雄醫學大學,醫學影像暨放射科學系,7102,0.923575
中原大學,電機工程學系,8202,0.922462
國立中興大學,財務金融學系,3042,0.920924
國立中正大學,電機工程學系,41162,0.920741
國立中興大學,植物病理學系,3292,0.920226
國立中山大學,生物科學系,27042,0.91315
國立中興大學,中國文學系,3012,0.909915
國立東華大學,化學系,34052,0.909739
國立高雄師範大學,事業經營學系,22112,0.906903
中國醫藥大學,物理治療學系,12102,0.906808
國立中興大學,森林學系木材科學組,3282,0.901901
淡江大學,商管學院全球財務管理全英語學士學位學程,14132,0.899991
輔仁大學,護理學系,20102,0.893415
國立交通大學,旋坤揚帆招生丁組(管理),13332,0.893168
國立中興大學,電機工程學系,3192,0.892497
國立中正大學,法律學系法制組,41262,0.884302
國立中央大學,財務金融學系,16162,0.883793
國立中正大學,化學工程學系,41182,0.883159
大同大學,工業設計學系,19062,0.876825
國立中山大學,機械與機電工程學系,27092,0.876672
臺北市立大學,數學系,35122,0.871629
國立彰化師範大學,運動學系,23272,0.867578
國立彰化師範大學,企業管理學系,23162,0.860662
國立宜蘭大學,生物技術與動物科學系,150102,0.860167
輔仁大學,營養科學系,20392,0.857354
國立臺北大學,企業管理學系,99042,0.856751
國立暨南國際大學,財務金融學系,58152,0.85603
國立中央大學,化學學系,16062,0.854553
國立彰化師範大學,美術學系,23262,0.852178
國立中央大學,機械工程學系設計與分析組,16112,0.848133
國立東華大學,材料科學與工程學系,34102,0.848043
中山醫學大學,護理學系(公費生),26222,0.846912
臺北市立大學,社會暨公共事務學系,35082,0.838969
國立彰化師範大學,資訊管理學系數位內容科技與管理組,23192,0.837304
國立臺灣海洋大學,水產養殖學系,21092,0.836867
輔仁大學,影像傳播學系,20052,0.834364
國立中興大學,土壤環境科學系,3322,0.83357
國立臺北大學,應用外語學系,99162,0.822665
輔仁大學,醫學資訊與創新應用學士學位學程,20262,0.822654
國立中興大學,生物產業機電工程學系,3222,0.820108
國立體育大學,體育推廣學系(拔河組),39042,0.816394
國立臺灣海洋大學,商船學系,21012,0.813663
國立中興大學,歷史學系,3032,0.813167
國立臺灣大學,醫學檢驗暨生物技術學系,1252,0.810498
國立中正大學,心理學系,41112,0.805833
淡江大學,資訊傳播學系,14052,0.805461
國立東華大學,物理學系物理組,34032,0.805229
國立政治大學,教育學系(原住民公費生),6052,0.801506
國立高雄師範大學,教育學系,22152,0.800103
國立東華大學,諮商與臨床心理學系,34252,0.797217
中國醫藥大學,生物醫學影像暨放射科學學系,12182,0.791509
國立臺灣藝術大學,中國音樂學系撥弦組,56162,0.789344
高雄醫學大學,運動醫學系,7022,0.783823
國立彰化師範大學,特殊教育學系,23032,0.783663
國立臺灣師範大學,臺灣語文學系,2202,0.78308
國立新竹教育大學,教育與學習科技學系,37012,0.78179
國立中正大學,資訊工程學系,41152,0.773947
國立高雄師範大學,美術學系,22182,0.772953
馬偕醫學院,護理學系(公費生),152042,0.768934
長庚大學,護理學系,30032,0.768533
國立中興大學,生命科學系,3362,0.767333
輔仁大學,企業管理學系,20422,0.758562
國立臺東大學,音樂學系〈原住民生〉,38192,0.757709
國立中山大學,資訊管理學系,27142,0.749834
輔仁大學,會計學系,20432,0.745403
國立交通大學,工業工程與管理學系,13262,0.744318
國立臺北教育大學,藝術與造形設計學系設計組,32112,0.743288
國立中興大學,材料科學與工程學系,3212,0.739963
國立中正大學,哲學系,41042,0.732098
中國醫藥大學,公共衛生學系,12062,0.731801
輔仁大學,統計資訊學系,20452,0.731596
國立中正大學,會計與資訊科技學系,41232,0.731422
國立臺灣藝術大學,圖文傳播藝術學系,56012,0.731132
國立彰化師範大學,電子工程學系,23132,0.730498
國立中央大學,地球科學學系,16222,0.730145
輔仁大學,景觀設計學系,20042,0.729809
淡江大學,理學院尖端材料科學學士學位學程,14282,0.728945
長庚大學,工業設計學系媒體與傳達設計組,30182,0.709242
慈濟大學,物理治療學系,108072,0.703465
國立東華大學,光電工程學系,34112,0.703263
臺北市立大學,都會產業經營與行銷學系,35152,0.698803
玄奘大學,影劇藝術學系-特色組,65152,0.697394
真理大學,旅遊文化與健康產業學士學位學程(台南校區),79242,0.693399
長庚大學,醫學影像暨放射科學系,30052,0.693233
國立高雄大學,亞太工商管理學系企業管理組,101092,0.692115
國立嘉義大學,農藝學系,100162,0.684735
國立東華大學,體育與運動科學系,34412,0.684322
臺北市立大學,學習與媒材設計學系,35052,0.680361
東海大學,餐旅管理學系,9402,0.679487
世新大學,數位多媒體設計學系動畫設計組,47092,0.677731
中原大學,化學工程學系綠能製程組,8082,0.676292
國立中興大學,法律學系,3092,0.672496
國立中央大學,中國文學系,16012,0.671907
大葉大學,機械與自動化工程學系(機電整合組）,42052,0.669366
高雄醫學大學,護理學系(公費生),7212,0.66175
高雄醫學大學,醫學社會學與社會工作學系,7152,0.661305
輔仁大學,西班牙語文學系,20292,0.657429
亞洲大學,創意商品設計學系流行精品設計組,134472,0.651366
國立高雄師範大學,英語學系,22142,0.65094
國立中正大學,生命科學系,41092,0.650897
臺北市立大學,資訊科學系,35132,0.646356
國立新竹教育大學,特殊教育學系,37042,0.634662
國立成功大學,化學系,4082,0.631856
國立高雄師範大學,地理學系,22122,0.628566
東海大學,美術學系,9462,0.626865
東吳大學,心理學系,5152,0.620565
國立中興大學,物理學系光電物理組,3132,0.620315
臺北醫學大學,口腔衛生學系,109132,0.61936
國立暨南國際大學,社會政策與社會工作學系,58052,0.617043
中山醫學大學,職能治療學系,26042,0.613563
國立中興大學,物理學系一般物理組,3122,0.612934
義守大學,職能治療學系,45402,0.604031
東海大學,景觀學系,9432,0.603948
國立臺北教育大學,教育學系,32012,0.603486
國立暨南國際大學,東南亞學系東南亞組,58072,0.596698
輔仁大學,公共衛生學系,20122,0.593676
國立嘉義大學,食品科學系,100332,0.592373
國立中正大學,通訊工程學系,41192,0.589411
國立體育大學,體育推廣學系(一般組),39032,0.588956
國立臺北教育大學,數學暨資訊教育學系資訊組,32162,0.588343
國立中正大學,中國文學系,41012,0.583682
國立臺灣海洋大學,食品科學系食品科學組,21072,0.580149
亞洲大學,室內設計學系住宅空間組,134522,0.574048
國立中興大學,環境工程學系,3182,0.573972
國立彰化師範大學,國文學系,23052,0.570426
國立臺北教育大學,語文與創作學系語文師資組,32082,0.565388
長庚大學,機械工程學系,30122,0.565141
淡江大學,電機工程學系電機與系統組,14432,0.557585
高雄醫學大學,公共衛生學系,7112,0.54977
元智大學,電機工程學系,40152,0.544808
中國醫藥大學,護理學系,12072,0.537509
國立中興大學,化學系,3112,0.533115
國立高雄大學,電機工程學系,101172,0.512269
國立臺灣藝術大學,中國音樂學系管樂組,56142,0.510667
長庚大學,化工與材料工程學系,30132,0.510637
輔仁大學,圖書資訊學系,20082,0.510456
國立臺灣海洋大學,輪機工程學系能源應用組,21032,0.500943
輔仁大學,法國語文學系,20282,0.500453
國立東華大學,特殊教育學系,34312,0.495012
國立金門大學,建築學系,153092,0.491058
國立臺南大學,數位學習科技學系,33102,0.490317
國立交通大學,材料科學與工程學系,13112,0.490186
國立臺南藝術大學,應用音樂學系藝術管理組,63022,0.489603
國立臺灣海洋大學,河海工程學系,21122,0.487983
國立嘉義大學,動物科學系,100202,0.487515
大葉大學,消防安全學士學位學程(消防組),42162,0.48694
國立東華大學,應用數學系統計科學組,34022,0.486932
長庚大學,電子工程學系,30142,0.486396
國立臺中教育大學,特殊教育學系,31062,0.481621
臺北市立大學,英語教學系,35072,0.481112
國立東華大學,管理學院管理科學與財金國際學士學位學程,34182,0.473536
國立高雄大學,政治法律學系,101062,0.464978
輔仁大學,日本語文學系,20302,0.45318
國立臺灣海洋大學,海洋觀光管理學士學位學程,21192,0.450391
元智大學,工業工程與管理學系,40142,0.447219
國立高雄大學,化學工程及材料工程學系,101192,0.443177
淡江大學,運輸管理學系,14242,0.442648
國立臺中教育大學,美術學系,31162,0.441
國立聯合大學,建築學系,151072,0.440216
東海大學,法律學系,9442,0.438238
國立高雄師範大學,軟體工程與管理學系,22102,0.43598
輔仁大學,心理學系,20512,0.434419
國立陽明大學,生命科學系暨基因體科學研究所,25062,0.434014
臺北市立大學,城市發展學系,35142,0.424864
中原大學,財經法律學系,8282,0.423434
國立嘉義大學,微生物免疫與生物藥學系,100372,0.42187
中國醫藥大學,中國藥學暨中藥資源學系,12132,0.42172
國立彰化師範大學,會計學系,23172,0.419616
慈濟大學,護理學系,108042,0.411502
元智大學,化學工程與材料科學學系,40132,0.410718
東吳大學,財務工程與精算數學系,5212,0.409392
東海大學,企業管理學系(綠色與永續發展組),9222,0.402392
淡江大學,航空太空工程學系,14452,0.399291
國立彰化師範大學,英語學系,23042,0.398301
銘傳大學,數位媒體設計學系（桃園校區）,46222,0.395457
國立高雄師範大學,工業科技教育學系,22062,0.394439
國立高雄師範大學,特殊教育學系,22132,0.391032
元智大學,資訊傳播學系設計組,40192,0.389031
中原大學,電機資訊學院學士班,8152,0.380316
國立中興大學,生物科技學士學位學程,3332,0.373445
國立臺灣海洋大學,生命科學暨生物科技學系,21102,0.369747
國立臺北教育大學,教育經營與管理學系,32022,0.368124
國立中正大學,企業管理學系,41222,0.36569
實踐大學,管理學院國際企業英語學士學位學程(臺北校區),50132,0.358358
中國醫藥大學,職業安全與衛生學系,12152,0.356223
國立東華大學,經濟學系,34242,0.353911
國立臺灣師範大學,生命科學系,2252,0.351089
國立暨南國際大學,觀光休閒與餐旅管理學系觀光休閒組,58162,0.344478
國立屏東大學,財務金融學系,36242,0.338659
東海大學,國際學院國際經營管理學位學程(英語專班),9272,0.337875
長庚大學,資訊工程學系,30152,0.333639
馬偕醫學院,護理學系,152022,0.323056
國立暨南國際大學,資訊管理學系,58142,0.322648
高雄醫學大學,醫學檢驗生物技術學系,7092,0.320078
國立臺中教育大學,英語學系,31082,0.317762
國立東華大學,自然資源與環境學系,34372,0.317189
大葉大學,餐旅管理學系(產學合作組）,42592,0.31669
中原大學,工業與系統工程學系管理組,8172,0.315017
高雄醫學大學,醫藥暨應用化學系應用化學組,7182,0.31237
國立宜蘭大學,環境工程學系,150072,0.309308
國立臺灣藝術大學,中國音樂學系作曲組,56122,0.309096
國立暨南國際大學,電機工程學系,58202,0.308259
國立臺灣藝術大學,中國音樂學系彈弦組,56152,0.306219
國立東華大學,國際企業學系,34152,0.306024
國立彰化師範大學,電機工程學系,23152,0.305321
國立高雄大學,應用化學系,101142,0.30363
世新大學,廣播電視電影學系廣播組,47022,0.301428
國立嘉義大學,土木與水資源工程學系,100302,0.298798
國立暨南國際大學,應用化學系,58212,0.296001
國立新竹教育大學,教育心理與諮商學系,37032,0.292139
國立臺南藝術大學,應用音樂學系音樂工程與創作組,63032,0.291189
國立中興大學,外國語文學系,3022,0.29017
世新大學,廣播電視電影學系電影組,47042,0.279426
國立臺北大學,中國文學系,99152,0.279103
元智大學,管理學院學士班(主修：會計),40042,0.278356
東海大學,會計學系,9252,0.277596
輔仁大學,資訊管理學系,20442,0.274718
國立嘉義大學,水生生物科學系,100362,0.270754
亞洲大學,創意設計學院不分系國際設計學士班,134532,0.261585
國立彰化師範大學,資訊管理學系資訊管理組,23182,0.258209
東海大學,工業工程與經營資訊學系,9142,0.257072
長榮大學,台灣文化創意產業學士學位學程,51262,0.257042
國立臺南大學,戲劇創作與應用學系,33172,0.256863
世新大學,新聞學系,47012,0.254644
國立臺南大學,諮商與輔導學系,33042,0.253609
國立東華大學,幼兒教育學系,34322,0.253324
國立暨南國際大學,國際文教與比較教育學系,58092,0.250123
國立臺灣體育運動大學,休閒運動學系,60052,0.245306
國立屏東大學,資訊工程學系,36272,0.244788
實踐大學,餐飲管理學系(臺北校區),50042,0.243371
國立中興大學,化學工程學系,3202,0.236669
東吳大學,微生物學系應用微生物組,5132,0.233149
銘傳大學,商品設計學系（桃園校區）,46212,0.229878
國立臺灣海洋大學,輪機工程學系動力工程組,21042,0.229141
玄奘大學,法律學系-特色組,65072,0.22507
國立中興大學,機械工程學系,3162,0.222189
輔仁大學,社會學系,20472,0.219722
國立中興大學,資訊科學與工程學系,3152,0.217698
國立宜蘭大學,生物機電工程學系,150082,0.215527
中國醫藥大學,運動醫學系,12122,0.214326
國立臺南大學,資訊工程學系,33112,0.214209
國立臺南大學,行政管理學系,33072,0.212919
國立中正大學,外國語文學系,41022,0.212251
中原大學,土木工程學系,8112,0.211257
長庚大學,工商管理學系,30172,0.210287
國立臺灣海洋大學,運輸科學系A組,21052,0.205858
輔仁大學,物理學系物理組,20222,0.20566
國立彰化師範大學,生物學系,23112,0.205165
中原大學,化學系材料化學組,8052,0.20467
元智大學,管理學院學士班(主修：國際企業),40032,0.204155
逢甲大學,資訊電機學院不分系榮譽班,15262,0.202548
國立聯合大學,光電工程學系,151112,0.20047
國立高雄大學,資訊工程學系,101202,0.199945
大葉大學,消防安全學士學位學程(災防組),42172,0.198688
輔仁大學,數學系純數學組,20172,0.196421
國立宜蘭大學,外國語文學系,150012,0.193958
中原大學,化學工程學系生化工程組,8092,0.191331
淡江大學,統計學系,14222,0.189439
國立東華大學,課程設計與潛能開發學系,34292,0.187245
元智大學,光電工程學系,40172,0.183936
國立中正大學,資訊管理學系,41242,0.183591
中原大學,化學工程學系材料工程組,8102,0.180336
國立宜蘭大學,休閒產業與健康促進學系,150032,0.180001
東海大學,畜產與生物科技學系,9382,0.179076
亞洲大學,時尚設計學系時尚服裝設計組,134492,0.177999
國立新竹教育大學,環境與文化資源學系,37052,0.171928
國立臺灣海洋大學,機械與機電工程學系,21132,0.171529
元智大學,管理學院學士班(主修：財務金融),40022,0.170291
國立臺南大學,國語文學系,33052,0.167809
東吳大學,德國文化學系,5092,0.167473
輔仁大學,生命科學系,20212,0.167106
國立聯合大學,工業設計學系,151082,0.167082
國立臺北教育大學,體育學系,32222,0.163712
南華大學,民族音樂學系,59182,0.163003
國立宜蘭大學,森林暨自然資源學系,150112,0.159077
國立臺灣海洋大學,食品科學系生物科技組,21082,0.158872
長庚大學,資訊管理學系,30202,0.158489
高雄醫學大學,物理治療學系,7142,0.156511
義守大學,醫學影像暨放射科學系,45382,0.156262
國立中山大學,政治經濟學系,27192,0.156059
中山醫學大學,生物醫學科學學系,26072,0.151978
國立中興大學,企業管理學系,3052,0.151243
國立嘉義大學,生物農業科技學系,100222,0.150875
國立高雄師範大學,視覺設計學系,22192,0.150794
國立東華大學,民族語言與傳播學系,34342,0.146463
逢甲大學,土地管理學系,15342,0.146164
東吳大學,數學系,5102,0.145533
中山醫學大學,心理學系,26102,0.14451
東吳大學,社會學系,5052,0.140451
臺北市立大學,視覺藝術學系,35182,0.135207
國立中興大學,應用數學系,3142,0.1307
東吳大學,經濟學系,5172,0.128435
國立嘉義大學,景觀學系,100232,0.126233
逢甲大學,材料科學與工程學系,15172,0.125521
國立金門大學,工業工程與管理學系,153132,0.124416
臺北市立大學,歷史與地理學系,35092,0.120573
國立臺南大學,應用數學系,33182,0.119992
淡江大學,土木工程學系營建企業組,14372,0.118299
大葉大學,觀光旅遊學系(產學合作組）,42612,0.117819
國立東華大學,公共行政學系,34272,0.112992
輔仁大學,食品科學系,20382,0.111872
東吳大學,社會工作學系,5062,0.111441
國立嘉義大學,森林暨自然資源學系,100182,0.111178
淡江大學,企業管理學系,14212,0.110118
國立高雄大學,金融管理學系,101122,0.109924
輔仁大學,電機工程學系系統與晶片設計組,20252,0.108547
逢甲大學,國際企業管理學士學位學程(英語專班),15142,0.105095
國立嘉義大學,生物機電工程學系,100292,0.100626
國立宜蘭大學,資訊工程學系,150152,0.099327
高雄醫學大學,生物醫學暨環境生物學系,7192,0.097246
國立臺南大學,綠色能源科技學系,33142,0.094115
國立高雄師範大學,化學系,22032,0.091328
國立臺中教育大學,區域與社會發展學系,31032,0.089239
國立暨南國際大學,資訊工程學系,58182,0.087978
佛光大學,產品與媒體設計學系(創意商品設計組),130052,0.086338
中山醫學大學,營養學系,26112,0.086074
中原大學,物理學系光電與材料科學組,8032,0.083731
中山醫學大學,醫學資訊學系,26202,0.083141
國立嘉義大學,生物事業管理學系,100122,0.081466
元智大學,機械工程學系,40122,0.080155
淡江大學,化學學系材料化學組,14322,0.079841
國立中正大學,機械工程學系,41172,0.076839
元智大學,資訊傳播學系科技組,40092,0.073069
東海大學,生命科學系生態暨生物多樣性組,9112,0.071501
國立高雄師範大學,工業設計學系,22072,0.071152
國立屏東大學,應用數學系,36132,0.070687
國立臺灣藝術大學,中國音樂學系擦弦組,56172,0.069311
國立臺灣海洋大學,海洋環境資訊系,21142,0.068928
國立高雄大學,運動健康與休閒學系,101022,0.068537
銘傳大學,商業設計學系（桃園校區）,46202,0.062903
國立嘉義大學,生化科技學系,100342,0.060859
世新大學,公共關係暨廣告學系,47062,0.059425
大同大學,媒體設計學系互動媒體設計組,19122,0.058672
國立嘉義大學,木質材料與設計學系,100192,0.055034
中原大學,電子工程學系,8182,0.053759
國立臺中教育大學,國際企業學系,31102,0.05316
國立臺中教育大學,語文教育學系,31022,0.052501
中國醫藥大學,藥用化妝品學系,12162,0.051591
康寧大學,企業管理學系,112082,0.050397
大葉大學,人力資源暨公共關係學系(人力資源管理組),42382,0.04902
淡江大學,國際企業學系經貿管理組,14162,0.04799
逢甲大學,運輸科技與管理學系,15332,0.04759
逢甲大學,行銷學系,15152,0.046332
國立彰化師範大學,數學系,23072,0.044107
國立中山大學,中國文學系,27012,0.042408
國立臺東大學,英美語文學系,38062,0.041664
元智大學,通訊工程學系,40162,0.037643
東海大學,國際經營與貿易學系,9242,0.029518
國立屏東大學,會計學系,36252,0.029468
輔仁大學,物理學系光電物理組,20232,0.025239
國立臺北教育大學,幼兒與家庭教育學系,32032,0.020969
逢甲大學,資訊工程學系,15222,0.020138
逢甲大學,航太與系統工程學系,15052,0.019371
國立高雄大學,應用物理學系,101152,0.019046
國立高雄師範大學,物理學系,22042,0.016081
國立暨南國際大學,教育政策與行政學系,58102,0.013275
長庚大學,醫務管理學系,30162,0.011168
國立宜蘭大學,電機工程學系,150132,0.011112
國立臺北大學,電機工程學系,99202,0.009393
中山醫學大學,醫學檢驗暨生物技術學系,26162,0.007944
國立聯合大學,資訊工程學系,151122,0.007378
國立臺東大學,文化資源與休閒產業學系,38022,0.005424
亞洲大學,護理學系(公費生),134122,0.005391
國立臺北大學,社會學系,99132,0.001808
國立臺灣藝術大學,中國音樂學系擊樂組,56182,0.001759
淡江大學,水資源及環境工程學系環境工程組,14472,0.001596
國立臺灣大學,護理學系(公費生),1602,0.0
國立臺灣師範大學,公民教育與活動領導學系甲組(公費生),2102,0.0
國立臺灣師範大學,特殊教育學系乙組(公費生),2142,0.0
國立臺灣師範大學,特殊教育學系丙組(公費生),2152,0.0
國立臺灣師範大學,物理學系(公費生),2232,0.0
國立成功大學,物理學系光電科學組,4072,0.0
中國醫藥大學,護理學系(公費生),12202,0.0
國立交通大學,旋坤揚帆招生戊組(人文社會),13342,0.0
國立中央大學,不分系招生(向日葵甲組),16262,0.0
中國文化大學,中國音樂學系音樂劇場組,17582,0.0
靜宜大學,日本語文學系-類繁星,18062,0.0
國立彰化師範大學,生物學系(公費生),23212,0.0
國立彰化師範大學,物理學系物理組(公費生),23232,0.0
國立彰化師範大學,特殊教育學系(公費生),23252,0.0
國立臺北教育大學,心理與諮商學系乙組(公費生),32182,0.0
國立臺南大學,特殊教育學系(公費生),33192,0.0
國立東華大學,民族社會工作學士學位學程,34362,0.0
國立屏東大學,休閒事業經營學系,36192,0.0
國立新竹教育大學,中國語文學系(公費生),37112,0.0
國立臺東大學,幼兒教育學系甲組(公費生),38162,0.0
國立臺東大學,幼兒教育學系乙組(公費生),38172,0.0
大葉大學,餐旅管理學系,42582,0.0
真理大學,觀光暨服務產業學士學位學程(台南校區),79232,0.0
台灣首府大學,休閒資訊管理學系,111052,0.0
台灣首府大學,美術工藝文化創意產業學士學位學程,111102,0.0
稻江科技暨管理學院,動畫遊戲設計學系,132012,0.0
稻江科技暨管理學院,行動科技學系,132022,0.0
稻江科技暨管理學院,時尚設計學系,132032,0.0
稻江科技暨管理學院,幼兒教育學系(非師資培育系所),132052,0.0
稻江科技暨管理學院,老人福祉與社會工作學系,132062,0.0
稻江科技暨管理學院,時尚美容藝術與保健管理學士學位學程,132082,0.0
稻江科技暨管理學院,法律學士學位學程,132102,0.0
稻江科技暨管理學院,經營管理學士學位學程,132112,0.0
義守大學,護理學系(公費生),45372,0.0
國立臺灣藝術大學,中國音樂學系聲樂組,56132,0.0
國立暨南國際大學,外國語文學系(公費生),58042,0.0
國立高雄大學,東亞語文學系日語組,101032,0.0
國立高雄大學,東亞語文學系韓語組,101042,0.0
國立高雄大學,東亞語文學系越語組,101052,0.0
國立東華大學,藝術創意產業學系,34402,-0.000179
國立東華大學,電機工程學系,34092,-0.000461
國立東華大學,法律學士學位學程,34282,-0.003797
國立臺中教育大學,數位內容科技學系,31132,-0.004652
國立暨南國際大學,諮商心理與人力資源發展學系,58112,-0.006928
國立東華大學,英美語文學系,34212,-0.011641
淡江大學,財務金融學系,14142,-0.014623
銘傳大學,餐旅管理學系(桃園校區),46272,-0.016786
國立聯合大學,文化創意與數位行銷學系,151192,-0.023193
國立臺南大學,電機工程學系,33122,-0.023261
中國醫藥大學,生物科技學系,12112,-0.023726
東吳大學,化學系,5122,-0.023911
輔仁大學,資訊工程學系,20202,-0.024512
國立嘉義大學,特殊教育學系,100032,-0.025056
世新大學,傳播管理學系,47112,-0.025085
國立屏東大學,特殊教育學系,36042,-0.02913
國立臺灣海洋大學,通訊與導航工程學系,21182,-0.032497
國立臺中教育大學,臺灣語文學系,31072,-0.033005
靜宜大學,食品營養學系營養與保健組,18252,-0.033058
國立臺東大學,體育學系,38212,-0.033606
輔仁大學,經濟學系,20492,-0.035048
東海大學,食品科學系,9392,-0.035589
國立聯合大學,環境與安全衛生工程學系,151052,-0.036466
逢甲大學,財務工程與精算學士學位學程,15372,-0.038361
逢甲大學,財稅學系,15092,-0.03954
東海大學,外國語文學系,9022,-0.0409
逢甲大學,電機工程學系,15242,-0.042672
國立臺灣海洋大學,環境生物與漁業科學學系,21152,-0.043029
逢甲大學,都市計畫與空間資訊學系都市計畫組,15312,-0.045158
國立嘉義大學,財務金融學系,100142,-0.045757
國立臺東大學,身心整合與運動休閒產業學系,38082,-0.053373
國立臺灣體育運動大學,運動資訊與傳播學系,60042,-0.053397
國立彰化師範大學,機電工程學系,23122,-0.054221
中國醫藥大學,健康風險管理學系,12172,-0.054805
輔仁大學,義大利語文學系,20312,-0.055254
東吳大學,英文學系,5072,-0.056333
國立嘉義大學,應用化學系,100272,-0.057948
國立高雄大學,創意設計與建築學系,101212,-0.058207
國立新竹教育大學,應用科學系材料科學組,37082,-0.059704
國立東華大學,觀光暨休閒遊憩學系,34172,-0.060473
中山醫學大學,公共衛生學系,26182,-0.060663
中原大學,特殊教育學系,8332,-0.061927
中原大學,化學系化學組,8042,-0.067757
高雄醫學大學,口腔衛生學系,7052,-0.07419
國立新竹教育大學,幼兒教育學系,37022,-0.076873
中原大學,工業與系統工程學系工程組,8162,-0.077775
國立高雄大學,資訊管理學系,101112,-0.077968
中國文化大學,戲劇學系,17542,-0.080889
東海大學,政治學系國際關係組,9342,-0.081586
元智大學,資訊工程學系,40112,-0.082054
國立高雄大學,應用數學系,101132,-0.082754
國立金門大學,企業管理學系,153032,-0.083263
國立聯合大學,能源工程學系,151062,-0.096988
世新大學,口語傳播學系,47072,-0.09745
臺北市立大學,體育學系,35192,-0.098652
亞洲大學,室內設計學系商業空間組,134512,-0.099041
國立中正大學,運動競技學系,41302,-0.100031
東海大學,日本語言文化學系,9042,-0.101056
國立屏東大學,應用物理系光電暨材料組,36152,-0.101643
慈濟大學,醫學檢驗生物技術學系,108022,-0.104263
逢甲大學,電子工程學系,15232,-0.106669
臺北市立大學,運動健康科學系,35212,-0.107757
淡江大學,資訊工程學系,14382,-0.109874
中山醫學大學,職業安全衛生學系,26122,-0.116457
淡江大學,產業經濟學系,14152,-0.118621
國立高雄師範大學,生物科技系,22052,-0.125021
義守大學,物理治療學系,45392,-0.126231
國立高雄師範大學,數學系應用數學組,22022,-0.134252
國立高雄師範大學,電子工程學系,22092,-0.134333
淡江大學,保險學系,14182,-0.14003
輔仁大學,體育學系運動健康管理組,20562,-0.143158
國立嘉義大學,機械與能源工程學系,100322,-0.144342
實踐大學,時尚設計學系(高雄校區),50302,-0.144373
臺北市立大學,衛生福利學系,35162,-0.144944
淡江大學,俄國語文學系,14122,-0.145135
大同大學,電機工程學系電機與系統組,19032,-0.145346
國立臺灣海洋大學,系統工程暨造船學系,21112,-0.145671
國立嘉義大學,生物資源學系,100352,-0.155256
國立臺中教育大學,體育學系運動專長組,31172,-0.156274
東海大學,財務金融學系,9262,-0.159958
國立臺東大學,數位媒體與文教產業學系,38052,-0.165937
淡江大學,國際觀光管理學系全英語學士班(蘭陽校園),14502,-0.168418
國立新竹教育大學,中國語文學系,37062,-0.169707
臺北市立大學,幼兒教育學系,35032,-0.171441
淡江大學,機械與機電工程學系光機電整合組,14392,-0.172239
中國醫藥大學,醫務管理學系,12142,-0.172718
國立暨南國際大學,東南亞學系人類學組,58082,-0.173534
亞洲大學,護理學系(乙組),134112,-0.173839
國立嘉義大學,植物醫學系,100242,-0.175401
中原大學,機械工程學系,8122,-0.178581
慈濟大學,分子生物暨人類遺傳學系,108092,-0.179128
國立嘉義大學,電子物理學系,100262,-0.179848
輔仁大學,兒童與家庭學系,20372,-0.180932
國立臺中教育大學,資訊工程學系,31092,-0.181332
國立嘉義大學,應用數學系,100252,-0.18597
逢甲大學,國際貿易學系,15082,-0.187018
國立臺東大學,特殊教育學系,38042,-0.188545
國立金門大學,華語文學系,153112,-0.189064
國立臺中教育大學,教育學系,31012,-0.189892
高雄醫學大學,醫務管理暨醫療資訊學系,7162,-0.190595
輔仁大學,哲學系,20032,-0.191282
國立屏東大學,資訊科學系,36282,-0.192952
中山醫學大學,視光學系,26082,-0.196531
國立暨南國際大學,土木工程學系,58192,-0.197384
中原大學,會計學系,8252,-0.210739
中原大學,資訊工程學系,8192,-0.211577
淡江大學,化學工程與材料工程學系,14442,-0.215101
國立宜蘭大學,電子工程學系,150142,-0.217032
東海大學,生命科學系生物醫學組,9102,-0.217999
臺北市立大學,應用物理暨化學系,35112,-0.220191
東海大學,化學工程與材料工程學系,9132,-0.221073
大葉大學,醫療器材設計與材料學士學位學程(醫用材料組),42472,-0.223021
逢甲大學,通訊工程學系,15272,-0.22355
國立宜蘭大學,應用經濟與管理學系,150022,-0.224152
國立嘉義大學,資訊管理學系,100132,-0.228694
大葉大學,會計資訊學系（投資理財組）,42372,-0.230457
國立東華大學,歷史學系,34232,-0.232132
國立宜蘭大學,食品科學系,150092,-0.234902
國立東華大學,企業管理學系,34122,-0.236632
東海大學,企業管理學系(創業與組織領導組),9232,-0.242805
國立東華大學,物理學系奈米與光電科學組,34042,-0.243477
世新大學,觀光學系餐旅經營管理組,47172,-0.243914
國立金門大學,國際暨大陸事務學系,153102,-0.244733
國立臺灣體育運動大學,運動事業管理學系,60022,-0.247998
輔仁大學,化學系,20192,-0.250464
逢甲大學,化學工程學系,15042,-0.255223
東海大學,資訊工程學系軟體工程組,9182,-0.255913
國立暨南國際大學,外國語文學系,58032,-0.259736
國立嘉義大學,體育與健康休閒學系,100432,-0.263552
淡江大學,會計學系,14202,-0.264469
國立屏東大學,應用物理系物理組,36142,-0.266293
國立臺灣體育運動大學,體育學系,60012,-0.266967
大葉大學,節慶暨婚禮企劃管理學士學位學程（節慶管理組）,42542,-0.274041
世新大學,數位多媒體設計學系遊戲設計組,47102,-0.27679
東吳大學,企業管理學系,5192,-0.27696
臺北市立大學,中國語文學系,35062,-0.277675
中山醫學大學,健康餐飲暨產業管理學系,26142,-0.277922
銘傳大學,休閒遊憩管理學系(桃園校區),46262,-0.279283
中原大學,環境工程學系,8142,-0.280191
東海大學,電機工程學系IC設計與無線通訊組,9192,-0.281518
國立金門大學,護理學系,153142,-0.283292
大同大學,應用外語學系,19142,-0.284884
中國文化大學,體育學系,17602,-0.287032
輔仁大學,數學系應用數學組,20182,-0.290237
東海大學,資訊工程學系數位創意組,9172,-0.29369
國立體育大學,休閒產業經營學系,39022,-0.294923
逢甲大學,都市計畫與空間資訊學系空間資訊組,15322,-0.298342
中原大學,資訊管理學系,8262,-0.306984
逢甲大學,工業工程與系統管理學系,15032,-0.309641
國立臺東大學,幼兒教育學系,38032,-0.3102
淡江大學,數學學系資料科學與數理統計組,14302,-0.315523
東海大學,經濟學系一般經濟組,9312,-0.317004
國立臺南大學,生物科技學系,33152,-0.319788
臺北市立大學,教育學系,35012,-0.320938
國立彰化師範大學,物理學系物理組,23082,-0.326624
輔仁大學,電機工程學系電腦與通訊工程組,20242,-0.328887
中原大學,國際經營與貿易學系,8242,-0.330843
大葉大學,多媒體數位內容學位學程,42182,-0.331051
銘傳大學,財務金融學系國際金融管理組（台北校區）,46032,-0.333403
國立臺中教育大學,數學教育學系,31042,-0.337289
大葉大學,電機工程學系(產學合作組）,42022,-0.338961
國立中央大學,生命科學系,16242,-0.339051
淡江大學,德國語文學系,14092,-0.342139
國立聯合大學,土木與防災工程學系,151032,-0.342674
國立臺灣體育運動大學,運動健康科學學系,60032,-0.344219
中原大學,企業管理學系工商管理組,8232,-0.356006
國立臺南大學,教育學系,33012,-0.358344
淡江大學,電機工程學系電機資訊組,14412,-0.359132
世新大學,資訊傳播學系,47082,-0.360648
國立臺中教育大學,諮商與應用心理學系,31122,-0.364
淡江大學,電機工程學系電機通訊組,14422,-0.36613
輔仁大學,社會工作學系,20482,-0.369321
元智大學,應用外語學系,40062,-0.376131
淡江大學,公共行政學系,14252,-0.37718
國立高雄大學,土木與環境工程學系,101182,-0.379507
國立聯合大學,化學工程學系,151022,-0.379687
淡江大學,資訊管理學系,14232,-0.384205
亞洲大學,行動商務與多媒體應用學系行動商務組,134192,-0.385207
亞洲大學,光電與通訊學系通訊網路組,134212,-0.390837
實踐大學,財務金融學系(臺北校區),50142,-0.391273
世新大學,圖文傳播暨數位出版學系,47052,-0.399812
淡江大學,水資源及環境工程學系水資源工程組,14462,-0.400019
淡江大學,教育科技學系,14062,-0.400434
東吳大學,物理學系,5112,-0.400738
東海大學,哲學系,9052,-0.403714
國立宜蘭大學,土木工程學系,150042,-0.408461
亞洲大學,行動商務與多媒體應用學系多媒體應用組,134182,-0.409154
大葉大學,工業工程與管理學系(產品開發組),42082,-0.410849
東吳大學,微生物學系生物科技組,5142,-0.414373
逢甲大學,土木工程學系,15282,-0.416458
國立臺南大學,英語學系,33062,-0.418899
輔仁大學,歷史學系,20022,-0.419083
國立宜蘭大學,化學工程與材料工程學系,150062,-0.421301
中山醫學大學,應用外國語言學系,26172,-0.421978
國立嘉義大學,資訊工程學系,100282,-0.424117
銘傳大學,財金法律學系（台北校區）,46132,-0.424796
開南大學,養生與健康行銷學系健康行銷組,110282,-0.425159
國立高雄師範大學,數學系數學組,22012,-0.429957
東海大學,化學系化學組,9082,-0.436192
慈濟大學,傳播學系,108102,-0.436676
大葉大學,國際企業管理學系（行銷創意組）,42412,-0.437213
中山醫學大學,醫學影像暨放射科學系,26092,-0.443331
東海大學,應用物理學系材料及奈米科技組,9062,-0.444828
南華大學,生死學系(諮商組),59092,-0.448063
東吳大學,哲學系,5032,-0.449477
國立臺北教育大學,心理與諮商學系,32052,-0.450663
國立暨南國際大學,應用材料及光電工程學系,58222,-0.450926
中原大學,應用外國語文學系,8342,-0.45405
東海大學,資訊工程學系資電工程組,9162,-0.454316
淡江大學,管理科學學系,14262,-0.457314
國立臺灣海洋大學,資訊工程學系,21172,-0.459633
大葉大學,護理學系,42452,-0.460629
大葉大學,烘焙暨飲料調製學士學位學程(飲料調製組),42572,-0.461889
淡江大學,日本語文學系,14112,-0.468724
東海大學,社會工作學系,9372,-0.46965
東海大學,電機工程學系奈米電子與能源技術組,9202,-0.470896
中國文化大學,中國戲劇學系,17552,-0.473285
中原大學,應用華語文學系,8352,-0.474848
逢甲大學,自動控制工程學系,15252,-0.476128
中原大學,物理學系物理組,8022,-0.47687
國立高雄師範大學,光電與通訊工程學系,22082,-0.47994
淡江大學,西班牙語文學系,14102,-0.481762
東海大學,行政管理暨政策學系,9352,-0.491641
大葉大學,運動健康管理學系(運動健康指導組),42502,-0.493166
國立中興大學,土木工程學系,3172,-0.495525
元智大學,管理學院學士班(主修：企業管理),40012,-0.496199
大葉大學,財務金融學系(銀行專業組),42352,-0.497454
中原大學,生物科技學系,8072,-0.498818
中山醫學大學,護理學系,26152,-0.499256
中原大學,心理學系,8062,-0.503247
國立屏東大學,不動產經營學系,36202,-0.511898
東吳大學,中國文學系,5012,-0.521455
國立臺南大學,經營與管理學系,33092,-0.521695
亞洲大學,資訊傳播學系影視媒體組,134232,-0.523153
中國文化大學,運動與健康促進學系,17622,-0.525369
國立東華大學,應用數學系數學科學組,34012,-0.525737
大同大學,資訊經營學系,19112,-0.529257
國立嘉義大學,應用經濟學系,100112,-0.534974
國立新竹教育大學,應用科學系生命科學組,37092,-0.540575
國立嘉義大學,電機工程學系,100312,-0.541631
東海大學,環境科學與工程學系,9152,-0.543076
中山醫學大學,醫學社會暨社會工作學系,26192,-0.543631
亞洲大學,護理學系(甲組),134102,-0.546921
國立屏東大學,企業管理學系,36212,-0.551693
逢甲大學,機械與電腦輔助工程學系,15012,-0.55336
逢甲大學,環境工程與科學學系,15182,-0.562477
銘傳大學,會計學系（台北校區）,46022,-0.563255
國立屏東大學,資訊管理學系,36232,-0.569027
國立嘉義大學,數位學習設計與管理學系,100052,-0.570251
國立聯合大學,財務金融學系,151152,-0.570472
逢甲大學,財務金融學系,15352,-0.573339
國立宜蘭大學,機械與機電工程學系,150052,-0.573708
銘傳大學,財務金融學系財務金融組（台北校區）,46042,-0.575738
大葉大學,空間設計學系（建築組）,42652,-0.576765
國立聯合大學,臺灣語文與傳播學系,151162,-0.580867
逢甲大學,外國語文學系,15212,-0.580943
銘傳大學,都市規劃與防災學系（桃園校區）,46242,-0.582362
亞洲大學,時尚設計學系時尚精品設計組,134502,-0.586242
義守大學,娛樂事業管理學系(國際學院),45272,-0.586517
大同大學,機械工程學系電子機械組,19012,-0.590327
國立東華大學,社會學系,34262,-0.594878
逢甲大學,精密系統設計學士學位學程,15062,-0.599955
國立金門大學,海洋與邊境管理學系,153122,-0.600364
國立屏東大學,中國語文學系,36062,-0.614418
中原大學,應用數學系,8012,-0.616729
國立東華大學,教育行政與管理學系,34302,-0.617563
國立東華大學,族群關係與文化學系,34332,-0.617775
國立屏東大學,文化創意產業學系,36092,-0.620779
慈濟大學,生命科學系,108082,-0.62201
淡江大學,土木工程學系工程設施組,14362,-0.622808
中國文化大學,韓國語文學系,17062,-0.623366
逢甲大學,風險管理與保險學系,15362,-0.6256
銘傳大學,應用日語學系（桃園校區）,46182,-0.629687
亞洲大學,保健營養生技學系食品營養組,134032,-0.6307
大同大學,材料工程學系,19092,-0.631072
東海大學,社會學系,9362,-0.632163
玄奘大學,大眾傳播學系,65082,-0.632798
國立金門大學,電子工程學系,153042,-0.633103
東海大學,統計學系(社會組),9292,-0.639117
逢甲大學,企業管理學系,15132,-0.64014
國立體育大學,適應體育學系,39052,-0.640326
國立屏東大學,體育學系,36312,-0.640488
國立臺南大學,特殊教育學系,33022,-0.643084
國立臺南大學,生態科學與技術學系,33162,-0.643492
東海大學,政治學系政治理論組,9332,-0.6443
國立東華大學,民族事務與發展學系,34352,-0.645324
淡江大學,機械與機電工程學系精密機械組,14402,-0.646512
國立臺南大學,材料科學系,33132,-0.647297
東海大學,資訊管理學系,9302,-0.647738
逢甲大學,水利工程與資源保育學系,15292,-0.653914
國立屏東大學,應用化學系,36122,-0.654889
亞洲大學,財經法律學系科技法律組,134342,-0.656501
國立臺南大學,體育學系,33232,-0.661106
國立東華大學,華文文學系,34192,-0.661947
大同大學,機械工程學系精密機械組,19022,-0.66425
世新大學,觀光學系觀光規劃暨資源管理組,47192,-0.667134
亞洲大學,視光學系,134132,-0.669151
慈濟大學,公共衛生學系,108032,-0.671357
東海大學,企業管理學系(行銷與數位經營組),9212,-0.671967
國立中正大學,數學系,41052,-0.672005
大同大學,電機工程學系電子與通訊組,19042,-0.673299
國立屏東大學,商業自動化與管理學系,36172,-0.684877
淡江大學,經濟學系,14192,-0.687333
國立新竹教育大學,體育學系,37182,-0.687909
國立嘉義大學,輔導與諮商學系,100042,-0.6896
亞洲大學,生物資訊與醫學工程學系生醫資訊組,134142,-0.689686
中國醫藥大學,口腔衛生學系,12192,-0.693097
亞洲大學,幼兒教育學系幼兒師資組,134422,-0.693873
國立彰化師範大學,資訊工程學系,23142,-0.697921
東海大學,應用數學系,9122,-0.702035
大葉大學,視覺傳達設計學系（動態媒體組）,42692,-0.706685
國立聯合大學,電子工程學系,151102,-0.708929
輔仁大學,中國文學系,20012,-0.714168
東海大學,經濟學系產業經濟組,9322,-0.72045
國立臺中教育大學,科學教育與應用學系,31052,-0.722683
世新大學,法律學系,47262,-0.723947
真理大學,運動管理學系(台北校區),79182,-0.724229
銘傳大學,觀光事業學系（桃園校區）,46252,-0.72578
國立臺灣藝術大學,舞蹈學系,56262,-0.729753
淡江大學,大眾傳播學系,14042,-0.732624
中原大學,財務金融學系,8272,-0.733038
國立高雄大學,生命科學系,101162,-0.737118
國立彰化師範大學,地理學系,23062,-0.740167
高雄醫學大學,醫藥暨應用化學系醫藥化學組,7172,-0.744553
靜宜大學,日本語文學系,18052,-0.745465
國立聯合大學,資訊管理學系,151142,-0.751544
玄奘大學,企業管理學系經營管理組,65282,-0.753302
靜宜大學,化粧品科學系,18292,-0.75374
中國文化大學,建築及都市設計學系,17502,-0.75429
淡江大學,法國語文學系,14082,-0.755318
國立屏東大學,應用日語學系,36102,-0.755736
南華大學,生死學系(殯葬服務組),59082,-0.757154
元智大學,中國語文學系,40072,-0.757235
國立東華大學,藝術與設計學系,34392,-0.757488
國立聯合大學,材料科學工程學系,151042,-0.764899
中原大學,生物醫學工程學系,8132,-0.765887
中華大學,休閒遊憩規劃與管理學系,43312,-0.76711
銘傳大學,法律學系（台北校區）,46122,-0.768759
逢甲大學,光電學系,15192,-0.770707
國立屏東大學,教育學系,36012,-0.771593
大葉大學,觀光旅遊學系,42602,-0.772757
東海大學,應用物理學系光電組,9072,-0.775077
淡江大學,資訊與圖書館學系,14032,-0.777705
玄奘大學,時尚設計學系-特色組,65232,-0.785339
大葉大學,藥用植物與保健學系（藥粧經絡組）,42332,-0.786189
國立嘉義大學,外國語言學系英語教學組,100072,-0.787663
亞洲大學,心理學系諮商與臨床心理組,134082,-0.789102
大葉大學,運動健康管理學系(產業經營組),42512,-0.791681
銘傳大學,國際企業學系外貿行銷管理組（台北校區）,46072,-0.797085
真理大學,財務與精算學系財務資訊組(台北校區),79072,-0.801219
佛光大學,產品與媒體設計學系(視覺傳達暨數位媒體設計組),130062,-0.803618
元智大學,社會暨政策科學學系,40082,-0.810543
國立中正大學,法律學系法學組,41252,-0.811255
亞洲大學,視覺傳達設計學系企業形象設計組,134452,-0.811712
國立屏東大學,應用英語學系,36112,-0.81258
大同大學,生物工程學系,19102,-0.818831
長榮大學,不動產財務金融學士學位學程,51112,-0.819456
實踐大學,食品營養與保健生技學系(臺北校區),50012,-0.821557
逢甲大學,纖維與複合材料學系,15022,-0.824012
國立嘉義大學,幼兒教育學系,100022,-0.824324
大葉大學,歐洲文化與旅遊學士學位學程(西班牙語組),42222,-0.826138
中山醫學大學,醫學應用化學系,26132,-0.826213
淡江大學,英文學系,14072,-0.828728
國立嘉義大學,教育學系,100012,-0.836655
國立嘉義大學,外國語言學系應用外語組,100082,-0.838765
國立臺南大學,幼兒教育學系,33032,-0.841165
銘傳大學,資訊傳播工程學系（桃園校區）,46322,-0.844477
實踐大學,服飾設計與經營學系(高雄校區),50262,-0.848842
淡江大學,數學學系數學組,14292,-0.85012
國立聯合大學,文化觀光產業學系,151182,-0.851238
大葉大學,歐洲文化與旅遊學士學位學程(法語組),42212,-0.855203
大葉大學,機械與自動化工程學系(車輛科技與綠色能源組）,42032,-0.856704
中山醫學大學,醫療產業科技管理學系,26212,-0.860765
義守大學,護理學系,45362,-0.866783
中原大學,企業管理學系高科技業管理組,8222,-0.867618
長榮大學,職業安全與衛生學系,51132,-0.872044
銘傳大學,應用英語學系（桃園校區）,46172,-0.876677
大葉大學,視光學系,42492,-0.877563
亞洲大學,幼兒教育學系幼兒文創組,134412,-0.881699
大葉大學,生物產業科技學系（美妝品科技組）,42272,-0.882238
中國文化大學,全球商務學士學位學程,17442,-0.891524
大同大學,資訊工程學系,19082,-0.893585
國立金門大學,應用英語學系,153012,-0.896615
國立屏東大學,行銷與流通管理學系,36182,-0.89862
國立臺東大學,教育學系,38012,-0.905403
銘傳大學,諮商與工商心理學系（桃園校區）,46302,-0.906135
國立新竹教育大學,應用數學系,37072,-0.906683
國立臺南大學,文化與自然資源學系,33082,-0.914924
長榮大學,美術學系,51332,-0.924656
淡江大學,資訊創新與科技學系軟體工程全英語組(蘭陽校園),14482,-0.926917
元智大學,藝術與設計學系,40182,-0.934204
國立暨南國際大學,歷史學系,58062,-0.935856
國立暨南國際大學,中國語文學系,58012,-0.938875
稻江科技暨管理學院,表演藝術學士學位學程,132092,-0.94155
國立臺東大學,華語文學系,38072,-0.94156
中華大學,建築與都市計畫學系建築設計組,43132,-0.944403
國立臺東大學,資訊管理學系,38112,-0.946221
慈濟大學,醫學資訊學系生物資訊組,108062,-0.94919
國立臺東大學,公共與文化事務學系,38092,-0.958599
國立嘉義大學,行銷與觀光管理學系,100152,-0.958996
逢甲大學,統計學系,15112,-0.959284
銘傳大學,電腦與通訊工程學系（桃園校區）,46352,-0.96125
淡江大學,全球政治經濟學系全英語學士班(蘭陽校園),14522,-0.964881
靜宜大學,寰宇管理學士學位學程,18432,-0.965752
亞洲大學,心理學系職場健康與發展組,134092,-0.967852
中原大學,企業管理學系服務業管理組,8212,-0.968769
國立嘉義大學,中國文學系,100062,-0.969224
佛光大學,應用經濟學系(經貿產業組),130202,-0.970223
東吳大學,歷史學系,5022,-0.970418
大葉大學,藥用植物與保健學系(中藥保健組),42322,-0.984172
國立金門大學,觀光管理學系,153072,-0.988251
國立金門大學,長期照護學系,153152,-0.988477
國立金門大學,都市計畫與景觀學系,153172,-0.989749
銘傳大學,新媒體暨傳播管理學系（台北校區）,46082,-0.989818
臺北市立大學,休閒運動管理學系,35202,-0.99133
淡江大學,資訊創新與科技學系應用資訊全英語組(蘭陽校園),14492,-0.992368
逢甲大學,應用數學系,15162,-0.997264
中國文化大學,景觀學系,17512,-0.998905
實踐大學,家庭研究與兒童發展學系(臺北校區),50032,-1.002598
高雄醫學大學,生物科技學系,7202,-1.002885
亞洲大學,經營管理學系行銷管理組,134252,-1.010538
國立屏東大學,電腦與通訊學系,36262,-1.014728
國立聯合大學,經營管理學系,151132,-1.017621
世新大學,資訊管理學系網路科技組,47142,-1.019135
銘傳大學,華語文教學學系（桃園校區）,46192,-1.022241
國立臺北教育大學,自然科學教育學系,32122,-1.025113
銘傳大學,生物科技學系（桃園校區）,46372,-1.025532
世新大學,資訊管理學系資訊科技組,47132,-1.029682
真理大學,觀光數位知識學系(台北校區),79212,-1.030637
淡江大學,中國文學學系,14012,-1.035854
華梵大學,美術與文創學系文創設計組,44132,-1.038266
亞洲大學,視覺傳達設計學系產業視覺設計組,134462,-1.050013
靜宜大學,法律學系,18132,-1.052904
大葉大學,醫療器材設計與材料學士學位學程(醫材設計組),42482,-1.053254
國立東華大學,臺灣文化學系,34222,-1.0538
長榮大學,護理學系,51142,-1.055393
大葉大學,文創產業國際人才學士學位學程,42242,-1.056101
大葉大學,資訊管理學系,42422,-1.062964
淡江大學,物理學系光電物理組,14332,-1.067814
靜宜大學,食品營養學系食品與生物技術組,18272,-1.079169
靜宜大學,大眾傳播學系,18172,-1.083887
亞洲大學,資訊傳播學系媒體傳播組,134222,-1.085705
輔仁大學,宗教學系,20502,-1.087933
世新大學,企業管理學系,47212,-1.08872
慈濟大學,人類發展學系,108132,-1.089532
真理大學,財務與精算學系精算與保險經營組(台北校區),79062,-1.102408
義守大學,國際觀光餐旅學系(國際學院),45262,-1.105557
大葉大學,分子生物科技學系（基因科技組）,42292,-1.111097
中國文化大學,技擊運動暨國術學系,17612,-1.112822
亞洲大學,數位媒體設計學系數位動畫設計組,134432,-1.114852
中國文化大學,資訊傳播學系,17472,-1.116372
淡江大學,英美語言文化學系全英語學士班(蘭陽校園),14512,-1.11671
靜宜大學,應用化學系,18232,-1.118706
淡江大學,物理學系應用物理組,14342,-1.128882
大葉大學,工業設計學系,42622,-1.133562
國立嘉義大學,企業管理學系,100102,-1.134424
大葉大學,生物產業科技學系（應用生物科技組）,42262,-1.140522
世新大學,日本語文學系,47252,-1.143383
亞洲大學,社會工作學系社工心理雙專業組,134382,-1.159228
元智大學,資訊管理學系,40102,-1.160994
世新大學,中國文學系,47242,-1.163328
佛光大學,不分系招生(精進組),130222,-1.165522
大葉大學,工業工程與管理學系(創新服務組),42092,-1.173984
長榮大學,書畫藝術學系,51342,-1.177705
實踐大學,應用外語學系(臺北校區),50172,-1.178586
國立臺東大學,應用科學系應用物理組,38142,-1.180694
中國文化大學,心理輔導學系,17532,-1.180844
國立屏東大學,社會發展學系,36072,-1.183798
長榮大學,航運管理學系,51042,-1.186593
逢甲大學,經濟學系,15122,-1.186771
義守大學,營養學系,45352,-1.187317
靜宜大學,財務與計算數學系財務工程組,18212,-1.188198
大葉大學,資訊工程學系,42122,-1.189793
實踐大學,社會工作學系(臺北校區),50022,-1.19076
世新大學,財務金融學系,47152,-1.195596
大葉大學,電機工程學系,42012,-1.20035
國立屏東大學,國際貿易學系,36222,-1.20283
亞洲大學,創意商品設計學系創意商品設計組,134482,-1.203008
佛光大學,傳播學系(流行音樂傳播組),130042,-1.208598
淡江大學,化學學系化學與生物化學組,14312,-1.2107
玄奘大學,資訊管理學系,65322,-1.215796
義守大學,廚藝學系,45232,-1.216962
大同大學,事業經營學系,19072,-1.218321
中華大學,觀光與會展學系,43322,-1.218822
長榮大學,國際財務與商務管理學士學位學程,51092,-1.221873
靜宜大學,西班牙語文學系,18032,-1.222223
世新大學,觀光學系旅遊暨休閒事業管理組,47182,-1.225426
中國文化大學,廣告學系,17462,-1.227681
淡江大學,歷史學系,14022,-1.228583
靜宜大學,食品營養學系營養與保健組-類繁星,18262,-1.230022
明道大學,餐旅管理學系,133022,-1.234323
慈濟大學,社會工作學系,108122,-1.237523
國立高雄大學,西洋語文學系,101012,-1.240597
國立嘉義大學,視覺藝術學系,100422,-1.240725
國立金門大學,土木與工程管理學系,153062,-1.243612
國立屏東大學,教育心理與輔導學系,36052,-1.249534
實踐大學,國際經營與貿易學系(臺北校區),50112,-1.250193
逢甲大學,會計學系,15072,-1.253668
銘傳大學,廣告暨策略行銷學系（台北校區）,46102,-1.258382
國立金門大學,資訊工程學系,153082,-1.258481
國立臺東大學,應用科學系化學及奈米科學組,38132,-1.261527
長榮大學,土地管理與開發學系,51052,-1.264631
國立金門大學,食品科學系,153052,-1.264638
中國文化大學,新聞學系,17452,-1.268015
亞洲大學,外國語文學系語文與專業應用組,134362,-1.269338
實踐大學,資訊科技與管理學系(臺北校區),50162,-1.269545
亞洲大學,健康產業管理學系健康產業管理組,134012,-1.277296
靜宜大學,國際企業學系,18352,-1.281833
大葉大學,財務金融學系,42342,-1.286709
國立臺東大學,資訊工程學系,38152,-1.293302
大葉大學,造形藝術學系（藝術產業組）,42672,-1.299645
大同大學,化學工程學系,19052,-1.300428
中華大學,餐旅管理學系,43302,-1.304189
國立臺南大學,視覺藝術與設計學系,33222,-1.305921
東海大學,統計學系(自然組),9282,-1.3081
銘傳大學,廣播電視學系（台北校區）,46092,-1.313922
南華大學,資訊管理學系(資訊管理組),59252,-1.314372
義守大學,國際企業經營學系(國際學院),45242,-1.314456
開南大學,形象與健康管理學士學位學程,110302,-1.319212
國立臺東大學,美術產業學系,38202,-1.320577
長榮大學,應用哲學系,51252,-1.324926
亞洲大學,數位媒體設計學系數位遊戲設計組,134442,-1.337024
玄奘大學,應用外語學系日語組-特色組,65252,-1.34523
大葉大學,分子生物科技學系（生物醫學組）,42282,-1.347665
中國文化大學,大氣科學系,17152,-1.358559
亞洲大學,國際企業學系國際行銷組,134262,-1.360784
世新大學,英語學系,47232,-1.366903
銘傳大學,社會與安全管理學系（桃園校區）,46282,-1.367791
長榮大學,國際會展管理學士學位學程,51102,-1.371867
玄奘大學,應用心理學系,65042,-1.374427
中國文化大學,法律學系財經法律組,17192,-1.376631
佛光大學,應用經濟學系(財務金融組),130192,-1.381704
銘傳大學,醫療資訊與管理學系（桃園校區）,46362,-1.384014
國立臺中教育大學,幼兒教育學系,31142,-1.386049
義守大學,生物醫學工程學系,45102,-1.387472
真理大學,財政稅務學系(台北校區),79132,-1.388038
國立聯合大學,電機工程學系,151092,-1.391827
中國文化大學,生活應用科學系,17302,-1.393129
中國文化大學,社會福利學系,17242,-1.394989
佛光大學,管理學系(經營管理組),130172,-1.399927
東海大學,化學系化學生物組,9092,-1.400294
靜宜大學,觀光事業學系,18392,-1.402332
亞洲大學,保健營養生技學系化妝品組,134042,-1.402472
長榮大學,運動競技學系,51352,-1.412276
中國文化大學,園藝暨生物技術學系,17262,-1.419353
玄奘大學,應用外語學系日語組,65242,-1.420212
中國文化大學,法律學系法學組,17182,-1.421807
世新大學,資訊管理學系資訊管理組,47122,-1.422304
義守大學,化學工程學系,45062,-1.427777
銘傳大學,經濟學系（桃園校區）,46152,-1.430575
大葉大學,應用日語學系,42192,-1.434272
亞洲大學,休閒與遊憩管理學系餐旅事業管理組,134282,-1.434811
國立屏東大學,視覺藝術學系,36302,-1.434814
靜宜大學,生態人文學系,18152,-1.444458
真理大學,工業管理與經營資訊學系(台北校區),79152,-1.444658
大葉大學,視覺傳達設計學系（視覺設計組）,42682,-1.446384
佛光大學,公共事務學系國際與兩岸事務組,130152,-1.446556
靜宜大學,英國語文學系,18012,-1.44701
國立東華大學,中國語文學系,34202,-1.448586
銘傳大學,國際企業學系國際企業經營組（台北校區）,46062,-1.449233
靜宜大學,資訊傳播工程學系,18482,-1.45208
中國文化大學,大眾傳播學系,17482,-1.452344
大葉大學,節慶暨婚禮企劃管理學士學位學程（婚禮企劃組）,42552,-1.455967
東海大學,中國文學系,9012,-1.456448
佛光大學,文化資產與創意學系,130012,-1.461282
世新大學,行政管理學系,47162,-1.464035
實踐大學,休閒產業管理學系(高雄校區),50292,-1.468861
銘傳大學,風險管理與保險學系（台北校區）,46052,-1.470358
大葉大學,生物產業科技學系（食品科技組）,42252,-1.47416
銘傳大學,資訊管理學系（桃園校區）,46312,-1.485397
中國文化大學,地質學系,17162,-1.486517
真理大學,財務金融學系(台北校區),79112,-1.487704
世新大學,社會心理學系,47222,-1.487883
國立屏東大學,英語學系,36082,-1.497547
佛光大學,未來與樂活產業學系,130212,-1.499746
靜宜大學,財務金融學系,18412,-1.500726
靜宜大學,應用化學系-類繁星,18242,-1.501879
大葉大學,休閒事業管理學系（休閒經營管理組）,42522,-1.503452
義守大學,醫務管理學系,45182,-1.507278
大葉大學,環境工程學系(職業安全組）,42152,-1.509949
中華大學,科技管理學系,43122,-1.515477
南華大學,國際事務與企業學系,59162,-1.521236
亞洲大學,健康產業管理學系醫療機構管理組,134022,-1.521642
逢甲大學,合作經濟學系,15102,-1.523958
義守大學,工業管理學系,45112,-1.524784
銘傳大學,新聞學系（台北校區）,46112,-1.529399
玄奘大學,影劇藝術學系,65142,-1.529545
亞洲大學,外國語文學系語文與商務溝通組,134372,-1.535447
靜宜大學,化粧品科學系-類繁星,18302,-1.53895
國立臺東大學,生命科學系,38122,-1.540174
銘傳大學,公共事務學系（桃園校區）,46292,-1.545549
開南大學,空運管理學系,110122,-1.546188
實踐大學,會計學系(臺北校區),50102,-1.546361
國立屏東大學,幼兒教育學系,36022,-1.547423
中華大學,建築與都市計畫學系環境規劃與管理組,43142,-1.548688
玄奘大學,視覺傳達設計學系廣告設計組-特色組,65172,-1.551067
實踐大學,資訊模擬與設計學系(高雄校區),50252,-1.552165
中國文化大學,俄國語文學系,17072,-1.552893
長榮大學,翻譯學系,51222,-1.553978
長榮大學,保健營養學系,51182,-1.557686
中國文化大學,保健營養學系,17312,-1.560857
慈濟大學,醫學資訊學系醫學資訊技術組,108052,-1.566119
南華大學,建築與景觀學系(自然組),59202,-1.570371
銘傳大學,資訊工程學系（桃園校區）,46332,-1.57131
銘傳大學,應用中國文學系（桃園校區）,46162,-1.574632
大葉大學,人力資源暨公共關係學系(公關行銷組),42392,-1.575014
中國文化大學,美術學系,17592,-1.58159
義守大學,電機工程學系,45012,-1.581975
銘傳大學,電子工程學系（桃園校區）,46342,-1.584813
國立嘉義大學,應用歷史學系,100092,-1.586991
南華大學,生死學系(社會工作組),59072,-1.587624
中國文化大學,法國語文學系,17092,-1.597196
銘傳大學,應用統計資訊學系（桃園校區）,46142,-1.598051
開南大學,觀光與餐飲旅館學系餐飲旅館組,110112,-1.599932
佛光大學,歷史學系,130112,-1.611048
實踐大學,應用英語學系(高雄校區),50272,-1.614836
義守大學,材料科學與工程學系,45082,-1.61647
亞洲大學,生物科技學系應用技術組,134052,-1.616477
大葉大學,企業管理學系（行銷流通組）,42442,-1.616773
中國文化大學,機械工程學系,17342,-1.618823
實踐大學,觀光管理學系(高雄校區),50282,-1.620231
東海大學,歷史學系,9032,-1.622594
真理大學,資訊管理學系(台北校區),79172,-1.627988
中華大學,建築與都市計畫學系建築科技組,43152,-1.630668
真理大學,法律學系(台北校區),79092,-1.630686
玄奘大學,廣播與電視新聞學系圖書資訊管理組-特色組,65132,-1.633639
長榮大學,媒體設計科技學系,51322,-1.635513
義守大學,國際財務金融學系(國際學院),45252,-1.635956
開南大學,資訊傳播學系,110182,-1.639546
實踐大學,企業管理學系(臺北校區),50122,-1.641643
靜宜大學,資訊工程學系-類繁星,18472,-1.641838
明道大學,景觀與環境設計學系,133092,-1.642902
亞洲大學,財經法律學系財經法律組,134352,-1.644747
靜宜大學,財務金融學系-類繁星,18422,-1.662402
靜宜大學,台灣文學系-類繁星,18122,-1.670715
中國文化大學,市政暨環境規劃學系,17492,-1.678868
中國文化大學,德國語文學系,17102,-1.683226
玄奘大學,企業管理學系觀光行銷組,65302,-1.684865
中國文化大學,應用數學系,17112,-1.686211
中國文化大學,動物科學系,17272,-1.68653
佛光大學,傳播學系（媒體傳播組）,130022,-1.68689
靜宜大學,財務與計算數學系計算數學組,18192,-1.690518
銘傳大學,生物醫學工程學系（桃園校區）,46382,-1.694459
南華大學,自然生物科技學系,59242,-1.694645
開南大學,資訊管理學系資訊科技應用組,110172,-1.695369
真理大學,應用日語學系(台北校區),79042,-1.702715
佛光大學,資訊應用學系學習與數位科技組,130092,-1.703529
靜宜大學,會計學系,18372,-1.707134
開南大學,物流與航運管理學系,110092,-1.707214
義守大學,大眾傳播學系,45302,-1.707318
亞洲大學,資訊工程學系數位內容組,134172,-1.720126
中國文化大學,地理學系,17142,-1.723068
銘傳大學,企業管理學系（台北校區）,46012,-1.724004
中國文化大學,日本語文學系,17052,-1.725188
亞洲大學,生物資訊與醫學工程學系醫學工程組,134152,-1.73522
中國文化大學,生命科學系,17172,-1.736039
長榮大學,生物科技學系,51162,-1.738347
靜宜大學,社會工作與兒童少年福利學系,18092,-1.742993
佛光大學,公共事務學系政策與行政管理組,130162,-1.745969
實踐大學,風險管理與保險學系(臺北校區),50152,-1.74784
義守大學,生物科技學系,45342,-1.750862
亞洲大學,社會工作學系司法保護與弱勢培力組,134392,-1.754297
玄奘大學,廣播與電視新聞學系數位內容製播組,65102,-1.757495
南華大學,文化創意事業管理學系(休閒產業組),59042,-1.759147
義守大學,數位多媒體設計學系,45332,-1.765164
靜宜大學,法律學系-類繁星,18142,-1.766678
亞洲大學,財務金融學系投資管理組,134322,-1.768162
靜宜大學,大眾傳播學系-類繁星,18182,-1.772271
玄奘大學,餐旅管理學系餐飲管理組-特色組,65372,-1.780157
南華大學,文化創意事業管理學系(文創行銷組),59032,-1.781218
中國文化大學,光電物理學系,17122,-1.781506
大葉大學,資訊工程學系(產學合作組),42132,-1.794221
義守大學,電子工程學系,45022,-1.798093
佛光大學,心理學系,130142,-1.798208
康寧大學,健康照護管理學系,112052,-1.79874
實踐大學,國際貿易學系(高雄校區),50182,-1.799088
華梵大學,工業設計學系交通工具設計組,44102,-1.80089
開南大學,運輸科技與管理學系,110132,-1.806536
義守大學,電影與電視學系,45322,-1.810978
玄奘大學,視覺傳達設計學系廣告設計組,65162,-1.812523
玄奘大學,視覺傳達設計學系數位媒體組-特色組,65192,-1.821006
中國文化大學,化學工程與材料工程學系,17322,-1.823725
佛光大學,社會學系,130132,-1.834872
真理大學,會計資訊學系(台北校區),79102,-1.838923
中國文化大學,化學系,17132,-1.845399
靜宜大學,企業管理學系,18332,-1.846473
南華大學,幼兒教育學系,59102,-1.847567
實踐大學,應用日文學系(高雄校區),50322,-1.847682
真理大學,觀光事業學系(台北校區),79202,-1.853873
靜宜大學,統計資訊學系-類繁星,18322,-1.860357
國立聯合大學,機械工程學系,151012,-1.863843
義守大學,餐旅管理學系,45202,-1.864814
中國文化大學,土地資源學系,17292,-1.873254
佛光大學,傳播學系（廣告公關組）,130032,-1.875302
中華大學,資訊工程學系軟體工程及設計組,43252,-1.877311
玄奘大學,應用心理學系-特色組,65052,-1.878007
中國文化大學,英國語文學系,17082,-1.880033
大葉大學,造形藝術學系（工藝文創組）,42662,-1.881895
開南大學,應用日語學系一般組,110232,-1.882216
中國文化大學,會計學系,17392,-1.887494
慈濟大學,東方語文學系中文組,108142,-1.889836
長榮大學,健康心理學系,51172,-1.890621
佛光大學,資訊應用學系網路與多媒體組,130082,-1.894651
國立金門大學,社會工作學系,153162,-1.895053
中國文化大學,勞工關係學系人力資源組,17232,-1.899514
亞洲大學,會計與資訊學系管理應用組,134312,-1.899769
中國文化大學,教育學系,17522,-1.901638
中華大學,光機電與材料學士學位學程,43052,-1.903897
大葉大學,國際企業管理學系（貿易經營組）,42402,-1.904645
佛光大學,資訊應用學系資訊系統與管理組,130072,-1.9053
明道大學,時尚造形學系,133112,-1.905326
義守大學,財務金融學系,45142,-1.908617
義守大學,財務與計算數學系,45092,-1.909362
開南大學,數位空間與商品設計學士學位學程,110202,-1.909863
長榮大學,數位內容創作學士學位學程,51302,-1.910336
華梵大學,工業設計學系產品設計組,44092,-1.914395
靜宜大學,資訊工程學系,18462,-1.916667
義守大學,土木與生態工程學系,45072,-1.917505
靜宜大學,台灣文學系,18112,-1.922412
慈濟大學,英美語文學系,108162,-1.922717
世新大學,經濟學系,47202,-1.929679
中華大學,資訊管理學系資訊管理組,43292,-1.929993
亞洲大學,國際企業學系國際企業經營組,134272,-1.934287
玄奘大學,餐旅管理學系餐飲管理組,65362,-1.936783
稻江科技暨管理學院,觀光規劃學士學位學程,132122,-1.938204
中國文化大學,中國音樂學系傳統器樂組,17572,-1.938875
靜宜大學,食品營養學系食品與生物技術組-類繁星,18282,-1.93938
亞洲大學,財務金融學系金融管理組,134332,-1.95809
中國文化大學,財務金融學系財務金融組,17432,-1.961756
義守大學,創意商品設計學系,45312,-1.965017
中國文化大學,國際貿易學系,17372,-1.967552
義守大學,觀光學系,45222,-1.967972
佛光大學,外國語文學系,130122,-1.968274
佛光大學,管理學系(行銷與創業組),130182,-1.971736
南華大學,外國語文學系,59122,-1.976684
康寧大學,資訊傳播學系,112042,-1.984305
長榮大學,創新互動設計學士學位學程,51312,-1.986099
開南大學,應用英語學系,110252,-1.988671
義守大學,公共政策與管理學系,45172,-1.989215
中華大學,電機工程學系,43012,-1.99607
靜宜大學,統計資訊學系,18312,-1.996685
大葉大學,機械與自動化工程學系(微機電與精密機械組）,42042,-1.996725
中華大學,土木工程學系,43182,-1.997406
靜宜大學,中國文學系,18072,-2.00003
中國文化大學,觀光事業學系,17402,-2.002962
真理大學,運動資訊傳播學系(台北校區),79192,-2.006891
長榮大學,社會工作學系,51232,-2.016758
大葉大學,空間設計學系（室內設計組）,42642,-2.017626
國立金門大學,運動與休閒學系,153022,-2.019398
玄奘大學,資訊管理學系-特色組,65332,-2.0232
開南大學,法律學系,110212,-2.03051
義守大學,國際商務學系,45162,-2.030946
實踐大學,會計暨稅務學系(高雄校區),50192,-2.037944
明道大學,應用日語學系,133142,-2.039532
靜宜大學,西班牙語文學系-類繁星,18042,-2.047798
國立臺東大學,應用數學系,38102,-2.04982
實踐大學,應用中文學系(高雄校區),50312,-2.051867
長榮大學,健康產業發展學士學位學程,51192,-2.058242
南華大學,視覺與媒體藝術學系,59172,-2.058994
明道大學,數位設計學系,133102,-2.061086
長榮大學,環境與食品安全檢驗學士學位學程,51202,-2.06185
慈濟大學,東方語文學系日文組,108152,-2.067709
慈濟大學,兒童發展與家庭教育學系,108112,-2.075646
開南大學,健康產業管理學系,110292,-2.077027
大葉大學,歐洲文化與旅遊學士學位學程(德語組),42202,-2.081243
玄奘大學,視覺傳達設計學系數位媒體組,65182,-2.081998
義守大學,應用日語學系,45292,-2.090368
亞洲大學,資訊工程學系資電應用組,134162,-2.092887
康寧大學,應用外語學系應用日語組,112102,-2.099778
中國文化大學,資訊管理學系,17412,-2.10087
長榮大學,國際企業學系,51022,-2.105706
靜宜大學,會計學系-類繁星,18382,-2.11454
明道大學,材料與能源工程學系,133082,-2.117198
國立聯合大學,華語文學系,151172,-2.122764
玄奘大學,應用外語學系英語組,65262,-2.122869
義守大學,機械與自動化工程學系,45052,-2.124731
亞洲大學,社會工作學系醫務社工與社會照顧組,134402,-2.130565
康寧大學,應用外語學系應用英語組,112092,-2.133511
中華大學,工業管理學系,43062,-2.133968
義守大學,健康管理學系,45192,-2.133992
靜宜大學,資訊管理學系-類繁星,18452,-2.135809
開南大學,養生與健康行銷學系養生療癒組,110272,-2.138788
中國文化大學,紡織工程學系,17352,-2.15105
明道大學,休閒保健學系,133032,-2.153102
長榮大學,財務金融學系,51062,-2.15695
中國文化大學,史學系,17042,-2.157688
中國文化大學,勞工關係學系勞資關係組,17222,-2.160504
玄奘大學,藝術與創意設計學系,65202,-2.170466
華梵大學,工業工程與經營資訊學系,44012,-2.174225
玄奘大學,廣播與電視新聞學系圖書資訊管理組,65122,-2.174887
大葉大學,生物資源學系（生態旅遊與保育組）,42302,-2.177783
大葉大學,傳播藝術學士學位學程,42632,-2.177956
中華大學,運輸科技與物流管理學系,43112,-2.180977
逢甲大學,中國文學系,15202,-2.183272
大葉大學,材料科學與工程學系,42062,-2.183742
亞洲大學,經營管理學系企業創新管理組,134242,-2.188512
長榮大學,醫務管理學系,51122,-2.194037
義守大學,休閒事業管理學系,45212,-2.196247
大葉大學,英語學系,42232,-2.198678
中國文化大學,森林暨自然保育學系,17282,-2.200943
國立東華大學,生命科學系,34062,-2.201824
開南大學,財務金融學系財務管理組,110052,-2.201846
大葉大學,烘焙暨飲料調製學士學位學程（烘焙組）,42562,-2.208859
亞洲大學,生物科技學系產業管理組,134062,-2.208907
開南大學,保健營養學系,110262,-2.210153
義守大學,資訊工程學系,45032,-2.212412
大葉大學,休閒事業管理學系（休閒活動規劃組）,42532,-2.219638
真理大學,資訊工程學系(台北校區),79082,-2.219937
長榮大學,大眾傳播學系,51212,-2.220883
長榮大學,應用日語學系,51242,-2.222895
義守大學,會計學系,45152,-2.226668
中華大學,營建管理學系,43172,-2.226719
華梵大學,建築學系,44082,-2.229912
大葉大學,會計資訊學系（會計管理組）,42362,-2.24186
中國文化大學,哲學系,17012,-2.24187
義守大學,應用英語學系,45282,-2.243222
實踐大學,金融管理學系(高雄校區),50212,-2.243886
中華大學,工業產品設計學系工業設計組,43192,-2.247312
開南大學,企業與創業管理學系創業管理組,110022,-2.256118
靜宜大學,企業管理學系-類繁星,18342,-2.268622
靜宜大學,國際企業學系-類繁星,18362,-2.269941
南華大學,建築與景觀學系(社會組),59192,-2.271619
明道大學,行銷與物流學系,133042,-2.274216
中華大學,景觀建築學系,43162,-2.278826
玄奘大學,餐旅管理學系旅館管理組-特色組,65352,-2.287603
靜宜大學,財務與計算數學系計算數學組-類繁星,18202,-2.291177
玄奘大學,餐旅管理學系旅館管理組,65342,-2.296609
南華大學,應用社會學系(社會學組),59132,-2.297559
華梵大學,美術與文創學系美術創作組,44142,-2.298421
開南大學,多媒體與行動商務學系,110152,-2.305366
南華大學,管理學院國際企業學士學位學程,59062,-2.307301
南華大學,傳播學系,59152,-2.312103
玄奘大學,企業管理學系觀光行銷組-特色組,65312,-2.319237
中華大學,資訊管理學系資訊系統設計組,43282,-2.325162
長榮大學,觀光與餐飲管理學系,51082,-2.33487
中華大學,應用日語學系,43222,-2.342922
中國文化大學,資訊工程學系,17362,-2.344871
真理大學,人文與資訊學系(台北校區),79012,-2.346542
中國文化大學,國際企業管理學系,17382,-2.357624
玄奘大學,社會福利與社會工作學系,65022,-2.359644
開南大學,國際企業學系,110032,-2.368735
明道大學,應用英語學系,133132,-2.376712
玄奘大學,法律學系,65062,-2.384918
長榮大學,資訊工程學系,51292,-2.390751
中國文化大學,財務金融學系金融行銷組,17422,-2.403417
靜宜大學,生態人文學系-類繁星,18162,-2.405744
玄奘大學,社會福利與社會工作學系-特色組,65032,-2.407567
靜宜大學,資訊管理學系,18442,-2.411411
中華大學,機械工程學系智慧自動化組,43032,-2.412512
靜宜大學,觀光事業學系-類繁星,18402,-2.419956
真理大學,英美語文學系(台北校區),79032,-2.430933
亞洲大學,光電與通訊學系光電綠能組,134202,-2.435431
佛光大學,中國文學與應用學系,130102,-2.436643
南華大學,應用社會學系(社會工作組),59142,-2.444358
中華大學,外國語文學系,43212,-2.448988
靜宜大學,財務與計算數學系財務工程組-類繁星,18222,-2.455071
開南大學,創意產業與數位電影學士學位學程,110192,-2.458045
明道大學,企業管理學系,133012,-2.460325
中華大學,資訊工程學系資訊工程組,43242,-2.461395
大葉大學,材料科學與工程學系(能源材料組),42072,-2.467168
中國文化大學,中國文學系中國文學組,17022,-2.470798
南華大學,資訊管理學系(網路多媒體應用組),59262,-2.475411
中華大學,行政管理學系,43232,-2.484927
南華大學,財務金融學系,59012,-2.486264
亞洲大學,會計與資訊學系財稅應用組,134302,-2.487076
中華大學,工業產品設計學系創意生活設計組,43202,-2.494612
開南大學,應用日語學系留日組,110242,-2.496997
南華大學,資訊工程學系(自然組),59232,-2.501038
中國文化大學,中國文學系文藝創作組,17032,-2.509761
中國文化大學,行政管理學系,17252,-2.51525
實踐大學,行銷管理學系(高雄校區),50232,-2.521449
中國文化大學,經濟學系,17212,-2.526432
南華大學,創意產品設計學系,59212,-2.532855
南華大學,資訊工程學系(社會組),59222,-2.537038
真理大學,經濟學系(台北校區),79142,-2.537239
真理大學,企業管理學系(台北校區),79162,-2.539749
大葉大學,綠色產品設計學士學位學程(綠色生活用品組),42112,-2.540359
華梵大學,外國語文學系,44062,-2.543015
康寧大學,時尚造型設計學系,112012,-2.543893
真理大學,宗教文化與組織管理學系(台北校區),79022,-2.550084
華梵大學,機電工程學系,44022,-2.551641
華梵大學,環境與防災設計學系環境設計組,44122,-2.557799
義守大學,企業管理學系,45132,-2.566764
實踐大學,資訊科技與通訊學系(高雄校區),50242,-2.567344
開南大學,會計學系,110042,-2.580171
義守大學,資訊管理學系,45122,-2.583476
中華大學,企業管理學系行銷組,43082,-2.596928
中國文化大學,電機工程學系,17332,-2.602034
南華大學,旅遊管理學系,59052,-2.606926
真理大學,國際貿易學系(台北校區),79122,-2.609094
實踐大學,國際企業管理學系(高雄校區),50222,-2.615127
中華大學,國際企業學系,43102,-2.61779
靜宜大學,社會工作與兒童少年福利學系-類繁星,18102,-2.630545
開南大學,財務金融學系不動產與風險管理組,110072,-2.64224
明道大學,資訊傳播學系,133072,-2.672657
中華大學,機械工程學系精密機械組,43022,-2.694125
亞洲大學,休閒與遊憩管理學系旅遊事業管理組,134292,-2.70129
開南大學,行銷學系,110082,-2.708009
明道大學,中國文學學系,133122,-2.715625
台灣首府大學,餐旅管理學系,111022,-2.716501
長榮大學,資訊管理學系,51272,-2.728478
靜宜大學,中國文學系-類繁星,18082,-2.73498
康寧大學,數位應用學系,112032,-2.736569
南華大學,企業管理學系,59022,-2.737643
台灣首府大學,烘焙管理學系,111082,-2.741354
明道大學,精緻農業學系,133062,-2.751748
中國文化大學,政治學系,17202,-2.76206
玄奘大學,廣播與電視新聞學系數位內容製播組-特色組,65112,-2.766152
南華大學,文學系,59112,-2.767715
大葉大學,企業管理學系（經營管理組）,42432,-2.769301
真理大學,台灣文學系(台北校區),79052,-2.790408
玄奘大學,應用外語學系英語組-特色組,65272,-2.793072
中華大學,資訊工程學系資訊應用組,43262,-2.829771
義守大學,通訊工程學系,45042,-2.833139
大葉大學,綠色產品設計學士學位學程(綠色能源科技組),42102,-2.841821
開南大學,公共事務管理學系,110222,-2.850634
稻江科技暨管理學院,休閒遊憩管理學系,132042,-2.86483
玄奘大學,宗教與文化學系,65012,-2.88838
玄奘大學,藝術與創意設計學系-特色組,65212,-2.899402
明道大學,財務金融學系,133052,-2.911296
長榮大學,科技工程與管理學系,51282,-2.917908
中華大學,財務管理學系,43092,-2.930679
玄奘大學,時尚設計學系,65222,-2.93248
靜宜大學,英國語文學系-類繁星,18022,-2.942013
開南大學,觀光與餐飲旅館學系觀光旅遊組,110102,-2.969805
康寧大學,餐飲管理學系,112062,-2.971604
長榮大學,會計資訊學系,51032,-2.976659
大葉大學,生物資源學系（生態資源利用組）,42312,-2.99325
康寧大學,休閒管理學系,112072,-2.99626
開南大學,財務金融學系金融組,110062,-3.008392
大葉大學,環境工程學系（社會組）,42142,-3.014697
中華大學,企業管理學系企管組,43072,-3.037895
玄奘大學,企業管理學系經營管理組-特色組,65292,-3.041635
康寧大學,保健美容學系,112022,-3.049858
開南大學,資訊管理學系資訊管理組,110162,-3.05199
靜宜大學,資訊傳播工程學系-類繁星,18492,-3.073398
中華大學,生物資訊學系,43272,-3.078695
真理大學,休閒遊憩事業學系(台南校區),79222,-3.095955
稻江科技暨管理學院,餐飲管理學系,132072,-3.109123
開南大學,休閒事業管理學系,110142,-3.120617
台灣首府大學,企業管理學系,111042,-3.207701
華梵大學,哲學系,44072,-3.21459
長榮大學,企業管理學系,51012,-3.250322
華梵大學,資訊管理學系,44042,-3.251873
中華大學,電子工程學系,43042,-3.267716
台灣首府大學,飯店管理學系,111072,-3.276479
實踐大學,資訊管理學系(高雄校區),50202,-3.293899
台灣首府大學,資訊與多媒體設計學系,111092,-3.300078
真理大學,運動健康與休閒學系(台南校區),79252,-3.374399
華梵大學,環境與防災設計學系環境防災組,44112,-3.548235
台灣首府大學,幼兒教育學系（師資培育學系）,111012,-3.651332
開南大學,企業與創業管理學系企業管理組,110012,-3.678512
長榮大學,科技管理學位學程,51072,-3.72803
台灣首府大學,休閒管理學系,111062,-3.819759
台灣首府大學,觀光事業管理學系,111032,-3.875513
華梵大學,電子工程學系,44032,-4.079085
華梵大學,中國文學系,44052,-4.241495
